AUC_Ctot,Final_Ctot
78.72655756101415,37.92480180481535
83.67613956775305,39.33864878010676
66.40043251596664,31.065546301782074
75.8512988914628,35.01835526002956
95.84241545672303,38.16723447778573
81.51939786773639,37.268544808716555
100.73172295934998,52.13197406815948
67.62034288283786,27.425666471045506
59.22684768103322,22.238392709141607
44.28924350100156,15.844349048705512
65.15841691863706,29.638042917841965
95.48688867598722,47.81731440439573
70.67475843013982,35.620474058691016
61.83316766420981,24.728524785550707
81.8638277692689,41.19593113850015
57.25068438190856,23.120240059604857
56.67767939534395,25.46488695168463
72.78104575402298,35.33097077244984
99.32235643450326,46.93781712571185
50.49570248625656,20.14227981469996
75.01322594163877,33.36415592398219
86.47656434513252,40.983811953728555
73.04708023958698,34.0074626765313
56.391343965310895,22.931152031477282
65.63126320545896,31.188172365016168
68.09196766216013,35.35505293735972
95.42843039938695,51.334814624599225
91.80469307160936,41.63522720471227
75.89434697332256,37.609127544862154
66.10498316417163,31.05970493287945
93.02684939284876,44.56121863100743
54.33976742411547,19.86154441379094
78.97342297205608,40.4277174688055
72.72687802910968,38.37822333399824
76.10469820614375,34.06937480482165
88.35998487184425,40.66582957785169
49.22283798105102,22.236503436288984
88.40422293361115,45.30841985070074
97.26474644477271,46.316856962384655
93.2336882733299,41.79125830212223
53.41095596657226,21.007652316262043
91.90369781376407,44.76457525784576
44.8906020457667,18.4909737279702
115.14314851210673,47.92444615181166
85.28222631784973,40.2946808726108
78.9147720278384,36.66229781366223
66.98741659891728,31.343215564459573
71.53620621604517,32.26972563355461
73.17684222761837,37.493476773907574
73.11880202460917,31.240636516943905
66.0459322287335,24.171845954774398
69.10803480020293,29.555273281131857
94.90738993913371,46.54125043721526
79.45911964940242,34.494771595635484
88.3031867165571,33.16362233171193
48.889978362686975,15.937166984074551
91.66070824799512,42.096027426049986
100.58340055050685,44.04232050074927
70.0215012236633,30.5223458259937
85.99518078579261,36.566284414403476
68.76836677016182,33.089645042063594
49.03698966687294,21.82627134318949
40.258672302765376,14.311588612980145
58.8303657205022,24.19082469329276
67.75705954745933,29.659165139717615
44.9638850635296,14.398266296804287
57.17919583158266,22.465178278026325
123.24569859142058,55.290261461961244
89.85283912556716,44.95723533629531
49.476933453311446,20.413817131752836
110.45965037981313,48.34439267904588
52.044506962726146,20.955473452951125
62.858773936199654,26.979399421234945
86.25232193445302,36.23909858708506
72.84882031035164,28.981788875991725
77.92076337150145,38.52323972022763
142.29246082423836,63.22357777173181
88.17735615919939,39.16990989203457
53.1179893778568,18.44009661332394
51.50340841185332,18.114960710133833
75.99394577324557,31.897503000533945
102.09511067436316,47.736310893108104
92.41969462070482,40.662791747041986
53.84886852296849,25.994034034942295
90.94334915201213,43.447848756592066
67.274938123462,27.732957674738046
99.13639879253934,42.18916693534167
81.4549831119716,43.686477805672645
82.88468743185295,39.86608459091597
43.99204474872106,14.671486420523054
55.0635287559284,19.8660490966343
61.72266139628193,28.4390962509664
60.39401790049341,25.134806536810483
64.79447048784623,29.109498444693237
48.21417797439388,15.753543563440248
76.63947774823149,36.83954891087276
59.916320149529625,23.92552982480557
57.45188045107831,21.766285594991206
65.96115455717342,28.81689537102301
60.20223631040247,23.050939769533223
80.02610463780486,35.25635379633159
80.53972367961421,34.92911607431427
63.12768418255271,26.504479146136458
90.67837077107583,45.68128513565348
73.96083143173763,36.84870852823815
73.74546178075049,32.78343280230307
44.7057474867029,16.074989548857275
58.211199933467185,25.29367006429918
111.96986296856608,51.96741011477903
47.02446629507665,16.025145581878213
72.73559424491498,27.937856754667926
84.39959859600918,39.92410718873882
71.26963231341404,34.92154173301631
76.79198206257831,41.47529905530363
79.39394283586117,33.633985327874505
85.56737640443691,39.55781156764172
84.4034051302036,33.81950003125372
65.1098058382877,27.001000254257
49.549583149670795,18.899182835169476
72.58667589379978,28.095983099739893
49.49279383946518,19.439120448297146
55.23328898983574,26.3651450187413
72.93005864519247,32.58585645623372
85.7858692820947,39.57924968695571
68.74483981878005,33.88120678866507
74.50990604464283,34.376634526114245
73.31839610058161,32.16256367708893
71.68040746933723,35.26278669570593
55.65535930251938,22.056511353772102
63.65005758748415,26.247612608338777
90.06337492805994,36.78819079712788
51.604370003032265,23.388274055965415
72.00327712571779,28.38118058119556
64.32702056441808,30.089630109372326
100.83841384548182,40.47618940210828
68.85220168626678,27.64247502211985
83.10854008148101,32.71718790083856
96.69381883551623,50.364221281128046
78.85181943689075,37.14442907383224
89.13091438233518,41.11642606262016
79.46478044229309,33.84433012428272
49.08966537235133,15.13241741153118
52.232762104815386,21.99847628593935
83.02119174903694,39.4006574923203
99.51215124938605,45.09163573882926
51.77836798553654,18.855506040315596
101.16878418146821,49.146414697402356
56.846362216206174,20.51966738019885
101.79248601999464,40.188045848604204
64.11164735795727,29.70290742745363
57.32047605285807,26.86960041457578
80.61186179942536,39.08283641002262
73.78103218163707,30.91403979274797
61.31292710005233,24.344484018139664
64.81739170658234,28.23529338065507
57.00237813587444,23.893765750697273
74.60456132125181,32.53383890530481
90.67365362726134,42.90056574057156
66.31042872115663,31.686156010146295
79.97770233999516,41.29096911342544
74.36263627361568,33.90245283991832
72.19561522148555,34.22325973821219
77.26894612976217,31.562281950316763
58.23463649649432,19.93383255567147
44.01819048420525,12.825843445790852
71.78550886253042,34.43170394924543
41.98645898309553,13.445095875650445
61.42632791000531,24.51573223004682
115.03856490697954,53.172258084879516
50.70979865798957,20.27967270951852
74.13013850797748,32.89690471350321
80.87365077249285,38.49900174636622
58.12210688508692,27.32599925169795
87.0769188179192,35.14493678726678
65.72253258817506,26.958845439946174
57.49426579252345,23.77451552161826
82.53319700694847,33.69407037169066
44.131131825951165,15.174324337549258
70.29595081938538,32.91330888000345
63.15658996456235,25.716756159666918
63.51908126367822,29.036079846926718
92.31460873391035,44.33209621854971
43.98119392008594,16.159874274960977
50.90756189423105,21.897171701608684
64.31166351616419,27.88487578836483
68.48561232379657,26.253182891078175
107.36093324011966,52.5447304741546
90.8142058463874,44.006212454036444
62.79384242461589,26.420479088147488
80.67524136155438,37.671196741823266
85.4557894272649,38.849895962924954
50.43127329483768,19.323666432494445
64.98772620786757,28.824368154627336
76.41205061020807,36.947709474184805
35.989854270218856,10.053144064423336
86.06948843654754,38.9662588533303
54.165918053193835,18.384773604318312
87.296888798337,41.903199310447754
105.33089115383336,47.117875524080624
77.81158267259262,37.28939188355267
45.37443353551058,18.080602742284295
75.95534750621394,36.79513500929639
49.32180006074326,18.33922314853335
71.76177025232049,30.362199818771685
46.229588676043846,14.13962987286644
70.09288923491152,32.806463078175604
82.79011376460511,36.35676883982981
68.35170672504267,31.050135591153865
100.40933512098985,51.759868329169855
44.737747569309626,16.13769822417462
123.55990383282526,59.66472583885041
74.26854650219569,33.076243206963134
68.5005304447428,34.988870527987835
58.434658941279224,22.706704488733795
85.87832972450505,38.18755672344933
53.093056854383505,23.90728828836704
52.769559441241796,22.409453647963804
91.40417594853204,42.0958104288422
65.78994493435935,29.69675088951407
71.92723984999495,36.33650637186414
56.02799648154941,22.203463169679814
55.95534565344817,22.54442689925904
57.335413925560125,24.082466559326654
65.6732736085391,27.575570649597715
53.22525361535105,20.067613297910114
59.352201381718146,20.899140373928926
80.47036062659465,40.966200372312954
58.92758070488013,25.165301343821092
61.90800021561395,24.202414485910523
104.70920111958102,50.05106211265683
73.98582489976798,32.65298687764838
106.52470391979642,47.101918342363064
48.490465346596345,17.822474531211782
51.32845931099061,18.75257833585963
94.79161687430371,43.87103992812724
90.7237776486771,37.46239779912892
51.329092396568925,21.497374248259206
90.70724954751725,42.200743125518315
60.15844384747589,24.508622834176126
60.81226724471713,23.7746713856639
48.37041098538637,18.180927905322772
61.080149288579044,27.700681029379474
61.88009517722963,22.712733777103374
73.91607621278501,32.578807556143836
60.65130768906525,25.5580833441734
86.28121850768753,38.8426496271958
61.820384592089184,27.204254366352146
82.71288709617983,40.74847561503627
108.62961696332428,47.40205208361429
57.051012992187935,23.440015462325785
55.03431992787704,24.25824846912491
58.34300995227974,26.368868834452304
53.637955580852925,20.321545346828863
71.00113683959154,29.091803643270776
94.02803117235796,38.83434510812244
51.19811045576062,19.625973237095767
72.34652501797214,34.33900683803118
90.4796990259781,43.86572110398561
70.42357805266617,30.719858694591927
89.40235128482226,42.127102529512435
64.34542230817291,31.234353676897406
45.30150524634377,14.006943025199735
65.98383363517742,29.831386035674672
73.39658916238876,33.19932074904269
71.49315522211084,34.89626778123405
93.10170598722976,47.788172382530384
58.52666030712349,24.993436229911403
42.52386818702003,17.853478834249515
96.7826121749261,41.26478859353684
76.89324587448607,41.15325215230245
72.31079758758221,31.865672755374096
69.47048100595369,31.68749991851913
84.74965138862031,40.079595116502524
58.63621537264685,23.5758911539025
46.183667101575345,15.46821522725363
98.04190024814062,39.40412160911687
45.08587266526371,17.044877177352497
91.03255760412713,43.1263094338955
58.012754365563794,25.82593553047702
52.55444974541277,22.277911523952216
65.63785010630586,25.304925842098328
107.53526670950465,53.12643724796389
75.8176785936628,36.69086134183531
75.98019337170675,31.48728719614015
50.79694526615626,17.300634323235453
50.86239777178331,21.09826608166749
83.57842605193692,40.11914313258498
59.54874831951303,29.65311590381225
68.91951027256897,34.812903097549686
67.44600582301814,34.458302732169585
80.33942649897095,38.76722519676694
53.32096047804576,20.198675073933078
111.35029893386533,53.791316686679586
82.86254838148115,36.47959578023786
89.00981324605196,39.683419617828626
87.61185367374995,46.151786435187304
63.93694545557858,29.33289801816742
85.8183287567901,38.83306264695903
85.38174032614927,43.077852573778976
48.34974597943352,15.196545522749567
54.773472888203685,24.294051820834284
78.6282572366132,35.257253940843576
86.40483904627436,41.19092675775487
64.1827389292128,24.31538098337183
56.33439260984778,23.879109881835753
59.307433435885414,27.524249965322813
123.93050555973157,46.2022682199661
79.36174239402285,36.896379410912864
49.761387792749474,20.1509796602177
65.58045830640168,29.055930670392925
79.07104889299609,32.77507272188988
40.03050467061078,12.888121127444432
53.368822760363,17.15426058153492
42.74146922349204,12.999011925372763
125.17363409237556,54.45548403122567
112.03024450658113,52.42309997640271
47.7267616015007,20.313283922783345
45.20317914404974,15.349005176071175
66.75157578948489,32.29290399879017
91.6112455703297,42.18028483368642
70.26384098434328,28.495716756722295
51.798809378309215,19.105191233075995
88.31214036488626,39.13490312173173
81.59772938483488,41.531399560081866
65.01848947191667,27.45187724834112
52.328946380471066,22.75736794994264
111.670876145559,49.74844822238325
59.78839746219629,23.125609832727164
71.99977314002771,30.531506135597215
86.99926518005867,41.13960619874926
84.90008312857174,36.53098032026962
66.84141753559062,29.244304757091278
78.12280483185435,33.61917000447318
69.20897984186044,28.9467788828886
97.922551696418,37.04730965432492
69.79758100477459,30.801282945670465
67.87752463653717,26.848775235236914
68.80700156700189,32.61749703925626
91.86160633620479,45.52592192524819
89.36407992888516,43.39867475281276
89.50859857223026,40.52159978931233
101.39895440487805,51.54747859036663
71.9218815283767,31.901960971499342
88.17702863420836,48.767945668569155
54.27645922173399,18.994694500144995
90.24768762268073,39.2149537445534
72.74365230759888,33.73439390101798
64.72277938658397,27.58971829177974
62.28726242723662,27.80192039825624
53.89080923841203,17.38320460633141
66.03470788365708,24.257555538524038
77.73162867069968,32.65844199647602
104.59900531939917,52.20030584330518
81.26228597173038,40.764652453796806
80.61578136561134,38.86992573959262
95.04417995726908,45.56591274294498
77.41068901509885,34.557186359242344
80.26883928096406,38.84631901619561
71.51708416736497,35.509833252640405
88.21022245255062,39.279940718247964
60.3696530820495,26.479370856999424
66.17815158466871,29.509910314912126
49.91863976407443,19.952339062512234
101.79770602963978,49.83906741020835
64.41745982782271,27.330119327402848
78.77613212282441,34.153622646484166
45.7303161761606,15.373329464925558
82.94531794785266,38.59360448293897
85.47447791676389,45.96833259691449
52.55779480457781,23.996865249984594
65.76344929786467,32.92348826889556
76.59902373457818,39.86694511114991
56.739560036729365,21.376937628796348
93.62630094023791,45.50208863297639
73.15469781935045,32.797897407570304
68.34573527906707,31.481876371932877
38.62384819048142,13.823914414116965
53.01141661031818,20.708225107594572
91.95997462366198,48.93605912317626
79.77873957435233,41.38773974291733
69.05386367662236,34.24598557984675
48.60331343987544,17.357293506907144
83.933979783466,43.44567458371273
66.35899387728661,30.210890335032847
77.78479262701072,34.20982044720181
68.22187591375385,31.014926415587755
42.712294252859294,16.711397959213492
67.11029833484561,29.540629982049655
88.33578769475805,41.07729212788955
82.91355708674746,39.84602376796325
60.112147928695464,26.186873366119396
86.16780308722764,39.87296462366387
76.72381698795726,32.32648951195469
56.04968067213412,19.945894206454028
65.95484086044517,33.16896050309856
63.94393330319575,27.935110652235156
51.25900393695184,17.659453846822945
66.72293106526988,28.79222689650603
71.96404830193282,34.597126850525505
93.97840654493886,44.52452181713213
103.08299809813174,55.642056890268634
73.5510387652653,33.07865990020491
115.78153506494962,52.81529140076032
45.17005083570747,16.215477941948514
55.159380764864665,24.067076093480637
76.08974652453237,35.691074397930876
52.06799369972758,23.32713356114363
56.299294890668854,24.643790575384443
61.13616210114452,27.38628544346204
51.76203012990608,18.818033214195452
61.26314355454112,27.249207262811296
48.470656047729456,18.33756501323073
65.8491376879643,26.491981741101736
61.4824136914671,28.569977398045413
43.97350445451613,17.819340746614632
44.14397770272159,18.227599429619204
90.64898904437601,46.73222077846472
77.01157540518295,34.39906139048494
92.6150958908488,38.100165225951834
61.83755352528125,30.057113108136065
53.67516584863726,18.39258494105423
58.393610695249365,22.900305720982484
61.94590623277949,24.914644994317047
91.470914705474,39.19169031817619
55.24637644458752,20.596803859634047
100.53583823743267,48.15888131488156
64.60087965365365,27.26507878450526
83.4857195876996,41.99951512766039
50.72270497771849,22.811046455632177
67.4513379033854,30.241031177133237
104.82169165825928,51.570424480487425
95.9104653246949,42.233210145855175
68.11362018723656,27.241992830774844
48.698180518892684,16.62622483751491
75.38364742518834,36.75052442891945
56.40934039190066,26.327806362509687
51.214508447386564,21.452843440941248
97.06795263366155,48.734512158510675
46.814550283220775,17.10192107758952
69.17502399160846,26.74148657929527
67.34521540990094,31.744904113454094
60.76263773241986,30.829499949666104
74.45355108652828,30.22234496547178
72.13092843463389,31.980116317396778
99.12747334780225,47.25766728504572
61.5109914257351,31.12851720666836
82.91696277247705,37.48840687701517
73.37603522208258,34.33518222099975
83.47217146599793,40.372357386769174
42.862687224857545,16.24122124348998
95.37812353862057,41.00996133707296
93.74614176262574,41.31753392655371
68.51676796498856,27.054222048041336
78.10661600496769,35.39595669026944
70.87396442087586,33.50939899597388
73.18545772866428,34.99397063119664
54.804361483824074,21.758600427596306
76.80173356253334,33.59218727819391
101.56139339189924,43.69164255382098
68.24143709710441,28.166308139686645
83.12806395882993,36.03105988541988
78.06224134928627,36.56112333977812
74.13334017754627,33.642634917
95.51607702049739,45.66196709710814
38.95197679165958,12.634347261562366
87.44680050437535,37.544481079879226
66.78272773547548,30.697687179785337
63.3194530693155,27.793183277759404
48.524901398482754,22.52847080478274
53.445128011292475,22.784953035585158
72.92460349838416,35.25288811234979
67.87273261443039,33.305686485430805
60.29959836672208,27.259010272301264
69.15987561342774,32.49834980427209
95.98727413436353,46.60522634300451
44.787054615086674,18.595982746687284
55.08738948377043,21.749258034521834
57.13086043512508,22.020832855836506
49.053677055615125,16.981385097078448
94.37035965060778,40.1948999019566
70.6587785517775,31.643764695742068
49.49214836474404,18.988256135043155
86.09173597141066,45.08222920590967
57.371171452164326,24.539618488866804
47.48549672548985,19.108780373015733
67.00261466726275,31.923807232190917
65.48676234770141,25.49593489578403
94.79639610879147,54.8778805763417
63.8254188714527,26.571812859808308
94.56252572006781,41.26157017550431
112.67489028868931,51.8689110936159
74.8084030849499,35.49638252984257
76.38956375792856,36.57671037709128
70.2559562726508,32.60502426411372
47.6568570664446,16.439440691279053
100.57809581104267,52.112884784070125
89.60037767389966,42.46331661904788
74.39951230602365,35.99789366793538
44.487575698658915,18.781712876896364
105.84884045729228,49.39444186925672
58.90978171633977,21.93471886439597
103.36864649776484,48.253952508876836
44.98851876156936,16.7024053142951
53.44977985647519,23.667435325812864
109.80263310706081,53.16018480218827
94.26947018504922,45.51622879276579
74.40740593163218,34.07993630264475
67.70444148992833,29.24448568224569
48.90043074632944,16.048823924015387
51.118856937700585,20.728020254999507
96.46409422656376,46.79147434260619
49.49872022792104,21.722591210891107
123.26344311300082,56.88441572946362
63.921964396352664,28.197588495207498
101.9801479885356,51.266452389575015
63.201616339638186,29.493324192962596
128.82235080218868,51.66086156547165
46.24919813946886,16.22370165058537
65.97343760234354,30.21340424785608
93.26194989214287,48.379115547709745
86.57594488552341,38.83199874799308
93.32695178199018,41.291418923184175
68.65122983147238,30.52325134820599
77.29445731181592,36.104592155700026
89.76384057772825,42.10971716462376
65.86945395785077,26.54529390123146
75.05530523314525,30.557309381972647
77.88077638469034,34.39335358730116
59.815776810669774,24.44096537858886
74.20166879664016,35.515572677022455
66.79950998368305,28.52520556603349
109.0528858899751,51.92486766876316
49.5767744782405,15.67201531656294
75.1778714109717,35.72478618903832
83.80911207421784,43.15524017788378
77.67477022584868,35.09915381157244
78.48946544494754,33.24297595660677
93.63601805747794,42.173277697852
76.89500496791676,32.03508261318507
56.04778159551714,25.659556587922715
81.16203078692816,37.87623941969858
67.84994635139343,30.14882563286552
54.01099111757786,19.700302552552586
85.90524644151667,41.01182805109259
90.66096347901758,42.704726723256144
78.98807131972764,37.93563508701527
92.1347852073562,41.60877433259254
47.48319624782519,16.56532982419626
57.811807154703594,22.375096820447197
44.05661060492076,15.81259339362754
55.27861910953679,26.602784202381727
57.051848998720196,25.433794683335613
68.67010936115673,24.65528601681216
61.42276924839315,25.761769762994277
84.37938032751764,39.94400249342724
59.714793378146894,23.531524057931506
64.21364236763327,27.727764912349137
69.73552714073026,32.503542086455425
85.41272815252071,35.437933845609564
71.38875488451964,32.40684918536315
75.94582772028822,34.57755500681664
79.20353416167158,37.94819898306218
73.71936283157504,39.05334894382147
61.34335080083135,24.865352764808705
62.756169140316985,29.33656179526849
58.884369933899066,21.03261026961606
47.28961638664812,15.653527889682769
53.836300245004885,18.931192336439658
70.838631329223,30.166686204975516
84.09405981542987,38.67734387167692
48.968628934387816,15.970473753215716
51.95839138013219,22.388414156805602
92.2375125523698,40.35770300444537
40.63597972391975,13.269639386978794
103.58046903202344,46.506284842591576
61.107488342893234,26.357148567899088
101.04846672384244,47.87589719591834
71.1367217403357,28.9075299352586
61.23164675860799,24.580625992554964
78.29214312111696,32.99250413197461
75.91300655880272,30.362295819372488
54.86766045409445,23.09805024692386
50.87359228897728,20.150786359966173
106.55460139189208,49.51359219578026
75.8886574155737,37.364952185260556
75.83099196251696,32.58027961735995
69.31877767204911,30.21942964846388
96.50759583055786,45.6557770370448
81.41497180404,35.97854116709048
50.39621871651977,21.730859329522584
83.11998837878608,42.7088277500643
51.156866555874544,17.703425319230913
65.79574636945557,27.376764942724435
82.75401992278691,41.45030327136824
60.54971467593634,25.73235576130077
52.395994604098256,22.56608354715221
76.4081044998496,34.56662054511235
47.96090295702909,17.249485934870368
68.33653971270977,29.8051950322021
50.32399838954761,17.443677994989187
70.69227475216672,35.74853471873364
65.05148217815791,27.407646429123393
64.58496666340724,28.45475493527001
63.77877611746331,26.583475934209062
65.07726340025378,30.150689749896337
85.23399383171227,40.42595947944596
48.89999416655192,18.00683624823137
52.895028477650484,19.917794797826048
58.921929584631584,25.165883593366445
40.408395370628384,14.840185490514061
85.48815797112854,37.32893388408295
95.2613242728881,42.552160200567876
70.48272488069529,36.18591705490809
63.02779579124371,29.67339069456592
77.41879547088739,34.448324630734184
80.19859161016228,39.45202309208844
56.026258788279485,22.791878607380017
94.91683985173385,46.06341688801355
38.90115470710561,14.50681196002695
53.877627081729884,23.38117950461599
40.83959298624204,11.637065585838853
48.938919405745374,17.801144414995637
69.33681607876846,31.85164991774269
59.27409807325525,24.094401228261006
58.92216691012094,25.204162746871443
77.3185379315443,32.83900981392236
37.73639013355097,11.767323769780473
54.95619645957412,23.113104728212885
79.72165558794173,43.04121050738078
119.798578348977,55.011196671178766
83.467807768959,37.63110727631226
64.8436717535835,30.690575250353934
84.39754731073765,33.57409764547912
81.55272930816523,37.14403547186637
69.57454078854917,30.426661032269095
73.68044083114742,29.052656255804386
75.00638370522249,37.62482929978637
91.08193155746892,38.56954166026966
50.37566131197835,19.578636365658465
71.26483028218404,34.126857108210565
92.82976942177513,41.23460279807239
73.73222161420026,33.027943869384266
77.35255351471135,36.91599270074243
102.44765621510047,49.2231065562873
93.08477979233382,41.63579599200789
82.86566904839184,35.71852122898909
113.02529585718648,50.32989917879065
96.46631025263682,42.979557463304964
68.07243227028312,33.35107119188265
76.75629829647664,34.85957633125686
60.30778773061003,26.450464248333855
69.36742081938621,36.806163313189906
63.343478603253374,27.868188401076775
112.04505385877775,51.114015923877886
68.1932677011943,28.10873525755697
64.7694742257408,29.967167296904332
63.60049007862982,27.775852161129304
77.150472085059,33.58997590369884
81.91320524381548,42.55010332261263
59.13280438651531,28.468814519625866
69.66494831750069,34.40436637963581
84.38230504496238,40.330818345372116
68.60136047557702,28.075413686684723
74.04201594315101,35.17893740486395
83.95402368316994,35.488286366024084
42.26620582454861,14.119440121473616
74.5593436360146,35.92420959693693
73.95644683033503,39.14853085013697
60.453717910886255,25.372229320085527
80.29454926817995,34.44913335179868
82.66316101346736,41.04106255635028
81.29238343372867,44.978503552264826
80.33084841784863,39.55731088705582
62.28176642219439,23.892865450748026
47.272536567555306,17.638725307131132
116.99980789413294,48.20256991698858
53.992136835253966,20.34914985308385
84.41718255298926,38.29142592648698
62.3517300507214,31.72958004164031
91.05965159371354,39.52411705076255
82.19272739223396,33.83016158793828
93.91957215970386,45.5699148214368
76.09614303997489,35.850621138966616
83.39058511214378,39.28684088319847
56.86305163701838,19.557266044923374
40.98671364451919,12.978189760252539
74.83954253696918,34.90991518211092
83.5192507916099,35.383711547825925
63.09227977247848,24.049893992264835
53.55550785675231,18.908787435076825
55.27738655340802,25.784444948962797
58.68018339540089,24.746279312883612
69.08456718275727,35.028556224852615
88.12602375866743,42.5695520623483
50.89097580352269,22.809775298144128
62.86160199944036,26.301018059190415
100.36353445705355,52.96466282455949
46.42543726272473,19.52458922743526
79.56668688269626,39.91359520012346
68.88115415567523,37.43899333467414
73.45535381299234,37.65625686727538
98.018282977534,45.42509665010605
88.55356143902057,45.45797831066093
45.35309518849649,17.80322559765388
87.69049502237573,44.66760212349626
87.12325547606802,44.740428899842755
95.47008004845709,46.75090139943139
69.82623176891119,29.96520594068076
55.51040515044254,19.83713130859054
55.26162524188163,21.85619607079439
72.09643180817619,29.403189704697255
84.509796152626,36.370311334789385
72.5789918317582,35.99968991856247
62.82992854007039,27.00525371813693
53.84060693248021,21.263184122606486
64.92589260236977,28.73342225688491
66.2341794632254,29.43669047529278
65.25324716553911,29.513279139327203
82.61033143176256,42.060641093488876
49.285351014114774,18.883523362898394
77.26332913248842,34.84385840450284
75.34261750594759,32.11312700410799
67.10762265632872,26.661732958166642
66.09833588163555,30.817976076061225
88.19143980035649,39.84990978080249
48.32986886369969,18.975192682483648
62.492301184907724,26.34255676998021
51.79452337473167,18.82157762148477
44.065863728085084,16.791640780955017
76.19928004492873,32.53587269341239
58.96375408951061,25.266316293115214
54.04205795396974,23.535576888162687
65.25470181808018,28.62983191477491
105.80429071648658,51.71780786207654
70.55771202100482,31.443536449593477
89.41060641669762,48.33325747097351
56.48732462757392,25.371285418934036
74.67945467891582,37.23873427515227
68.1531323990355,29.289664673824262
77.28657550648701,36.80081685924661
70.6711039069441,34.494139579213524
96.90957112677744,44.61050189012878
62.36353332533217,22.5856033164305
46.56113635534781,14.977819558339455
91.0813406856539,47.25953015511266
94.49280951739007,42.13415491541153
99.4690702562246,43.999165170809086
55.63772912729141,20.46004455012103
64.9974389629101,27.639972258384418
72.0683323594973,33.11528800186418
83.37281811094189,37.046204315158214
107.29520704529614,50.268872851168695
74.21994621688144,35.861251774015614
65.94416042034912,27.92733719180044
56.842322322661204,22.982325442391783
83.00736330335768,35.09561946408597
70.8826494923213,29.979280199822526
61.19180722204873,24.481556184354393
66.02391330928663,34.18491555461175
78.82496883474545,36.2348574906091
80.87947361538546,39.328199231090714
135.5110605026362,58.33032428705616
84.90059992060387,41.73199172768413
47.802594362905936,15.821595664045308
71.5959404367259,32.179423347483734
55.59688241042441,22.684956764524657
62.92882953182094,22.96432131486239
59.47638971129006,22.181005365038814
62.24163842965505,27.485082594169004
88.72026862520153,40.976090645070045
47.45844568567085,19.433311812259184
57.35472181136275,25.73721628905584
89.2159357430798,39.59228142872108
69.90320257911652,32.52323381490551
114.13827165130064,58.06132982753298
56.392295538527094,21.788568574252427
67.24196673772126,28.817524974601668
81.83878156781272,36.8428374051905
47.11707680400961,14.39856500841034
89.8296162115943,38.19058473673128
63.27539725642449,27.87097097765627
46.593041497692624,20.3188459952234
81.41305739207864,36.8045861450269
86.43023522912739,39.794988908962154
106.35682052856487,55.0193183692925
49.45766806846907,21.755457552073036
43.99121564233796,15.564959537552243
59.433558390590264,26.083883344138368
83.81636609505696,38.69495502780628
72.7003493708127,38.00002229311945
77.30251751157036,33.38738742294762
66.43258182318195,26.407108337117315
62.3377752408653,22.689729923542515
97.17860092608012,43.46188128949626
97.46956865755865,47.30300752673151
98.14301571485194,43.586329793332496
55.87233578113869,21.01966669039733
48.58573589433941,17.290578398835063
76.78880620635054,32.73605331977196
94.01441934459572,51.45861648001759
76.08373368178786,37.46287434549643
61.52642010944735,28.180967280033986
91.19534943840583,45.04384405620181
68.57972534159487,30.781701941141048
103.27115769658494,54.19762484484312
50.71078718239808,20.659836234034593
85.1488130737594,40.140418028940715
63.27902941144083,26.917420515487063
91.40744098831166,40.36283889248508
103.78314869106158,48.42732504304727
93.52547379422819,46.538447319504655
66.56973485817467,28.049524207970506
50.30402662862103,16.06477781334104
92.76646430960088,45.36508455369195
93.10580692454687,43.60869888555245
74.25904234419889,32.65107235607404
102.85291703174101,49.118040604600836
64.15568251624705,27.712808411234874
59.362115468841424,27.857878580311926
68.2976046140933,26.262879548302653
104.90710720925814,56.23843649266794
80.23985583619717,35.84709882821153
54.837842126800176,19.358772171469127
73.74433478686527,33.08089562037027
57.775033615359916,25.567651626626514
95.41621035485332,47.60910926466689
80.83478575934275,39.18229721379712
45.82043700134146,15.39617717268477
109.65830958566309,51.61013464246291
87.06769443094484,39.24800532252948
65.19743747690393,25.51919955227298
72.26518594163986,31.96886689599585
73.06949197206427,34.45821583290455
80.06487622402135,35.517138099467864
107.95739724208666,51.52719403245215
67.8910481401631,29.613519549986698
75.0473837529781,34.639085994090685
53.63979980087082,23.518305394350755
49.91141744275476,18.804855859015486
51.673125008168995,22.68341338657826
104.42606534937353,50.37561944032434
72.97778662036475,33.90836674644013
65.4569080643356,31.64585616701407
60.34802776335953,25.855247443049056
90.210114329714,41.5604151431168
61.90073268985401,27.20826414504561
75.24085231817737,38.33483977052054
76.747295190611,34.64107465448493
44.5081464811221,17.6192503322008
84.84351921047616,43.27566731889868
96.13398275944273,46.559782281720224
89.36732214584734,37.043419384254705
74.3728991902868,29.98947727028935
67.90375371730514,28.147502180889507
49.68373338858142,16.440679552397903
54.8193692696975,26.633619479114138
43.17937043972725,17.09209230816682
61.45151759445109,20.5609161159768
69.58209707637755,28.999548482987123
77.03335795049574,33.787478448539375
106.06024247651115,48.48724821665282
42.523932685073525,16.3354066039902
85.46343750942164,41.44025823800157
60.89027739401642,26.540578684652445
46.411676384711086,16.65346924562742
66.67321003721676,28.726323016002812
74.4874843743894,38.36971397873009
50.95222951914147,19.224931930294993
80.05637749446454,36.49861129278256
52.38424856869049,22.536056605124983
84.16688623093924,37.04271749681893
98.04471229259933,44.22827087194664
91.92388557730538,49.38452494319955
85.57633372799255,37.422792421771966
78.4727462254838,35.66019582657995
58.300257514519075,27.398390296081875
53.23387358584344,19.603574032751954
91.96436506383205,42.028928541429806
54.69138666052871,23.59617488014591
77.05974917950752,36.43002551589514
71.70364033398913,29.586473198272028
71.22693119580678,33.86379435715606
80.33429676124992,31.788236907709575
52.24539979325478,21.48010170874652
65.14555458124097,28.997434041201956
83.89755575814065,35.29854294036587
61.282036786262445,27.126537498031986
65.71292868599286,27.496524224996104
63.18953080639147,24.45087747042848
106.81393648389316,46.469720081481675
87.58754475068194,39.09646669878537
52.28094012016878,18.542732735348977
67.73922287137029,25.63862140809635
65.51788490207505,29.768804534036047
39.370360190949846,15.07687130138058
87.44319786088857,42.24109091930626
64.03995238001512,29.453219980530687
56.04664594160708,26.886233473842232
94.20308569915667,45.78960063844633
46.43275599639118,19.886538809020504
96.14878438059057,47.43997492658248
48.770515415460764,19.835854568818103
72.05535025977301,29.765645623066398
58.30057739734042,19.99920245682135
69.43564338800508,29.370983198278058
88.34088738890219,45.586305910107015
48.95013980963262,16.416151216532413
98.17640451598464,49.057187527042004
74.63982305671466,31.11151742558673
57.979716665794484,22.130181591914926
114.02868950382856,54.40662713508645
70.35609176746894,28.52424766727916
63.25099757724526,30.20604409299463
88.02242360117638,41.22008344062184
52.49356908063288,21.031841702998413
75.39069425245596,31.333807751633124
72.0480179744188,31.819422209079534
63.7493945958169,30.698420050203246
70.17927170882692,32.52683981043475
36.682816231044086,11.212837141731033
64.35142901791575,26.35563480936358
83.93676134389307,39.00633675212715
112.7719165222899,47.43421044083549
89.18317145616871,36.82425947644869
108.7744536094301,48.381877957030895
71.70207872622854,31.224073439989528
67.7168868587941,26.344061267879738
61.736057565077424,28.867202005834283
54.250204439950636,24.256421653173767
65.25823117494912,29.770662454043986
50.04422326859585,15.76847580000698
52.25476507204451,24.399658143061302
92.49404166899758,38.61965586218934
111.28690547621243,43.02681935355785
76.98277167894256,33.332268049863195
64.26907332814469,28.867041123023867
90.22350083487235,37.80562700036061
59.02986252152896,26.26134077357661
55.14438230839421,23.846050150672305
95.17951733965775,48.49294180919202
73.80415169816177,31.918336852502613
63.652864218692386,25.67288360013784
61.55604798680717,28.411243432089357
45.682204917020286,19.68137659025764
82.57530357141793,35.71027877860886
68.9411851882977,32.889390557602326
75.21533437838684,37.50584798207852
63.7480118991306,28.569886214040547
71.96911388001202,33.08470537302489
96.92700602328597,44.392468631258154
55.67191892366259,23.564320184615486
62.68964795174975,25.31739207101265
67.65704402608802,30.725466725559286
73.26620643044724,31.406853864758585
88.51165741687666,41.14805000920885
81.63530692347133,38.51222399979591
54.8167404162678,22.963038528915938
131.73520056502412,61.10246827814617
90.06646948127496,49.778571595733986
99.0614852845595,44.7972375416739
79.55245569619044,37.36318765834251
61.88713465174755,27.331838738129306
81.64840358173034,37.63477303812823
61.69010762139533,25.235701878142628
65.95922486821102,31.083565810839232
80.06186425071886,33.37798769087578
54.82716853564709,18.740479479549464
94.62554686778391,49.759409890907435
60.06169856233995,23.127133127677666
54.71906367777217,25.402567214463016
82.66511763365668,36.71359721964204
77.09765763946967,31.857308115340096
61.71500238503828,23.51518362953828
92.84374031310011,45.56453448393653
54.74472097835754,26.868785110459743
64.05310261422717,27.68879380440855
60.53439900995361,28.003149975640298
99.78437326856505,46.60768930479623
97.7778184837348,43.08026197131425
68.2331939520177,27.51709854772445
85.62482565627542,39.93068137413355
53.02334046704652,22.667014900527676
70.25891683890399,29.568360999007734
127.16538407510396,61.46066568673784
77.75120145945027,38.29559398481218
56.40689066468496,21.791365152064397
57.47285153336977,22.380597623111036
111.88313288792068,52.858567042634434
69.73416507437064,31.38611417665308
83.43346963340103,38.2566022754605
60.63370226696013,29.242564604047946
56.07627685063923,19.095738998593383
52.17137461023015,22.488598414388743
51.43001937780123,19.618635573090273
48.25853897023311,21.195411741051565
52.08611898821456,19.405746765552234
47.196818019016554,16.32767537435648
73.1460792053827,29.82943273902054
50.2139883626011,22.424254119261825
54.02128323913546,23.088484738918726
63.74978125802692,28.033168902923602
85.74153609338731,39.6982577944402
57.6924009982111,23.30133429352232
70.92236470699893,34.1191113208878
60.69496795192657,24.654595010275482
105.68810450753674,56.229178317313256
46.528985809670445,16.25093000566775
64.4166576626605,31.050374972318124
57.99383722463659,26.58304793172417
50.036960471040466,17.087780840009987
58.87783598479769,25.497745602271046
69.40133881908967,31.764891382319497
45.22537337370203,18.872852328098265
73.10434349940093,37.49547376386075
76.10153543329456,36.50372259235369
40.21372200605896,12.179885586480287
53.76047553722767,18.51981961721793
56.82631307388389,25.376525895191833
62.21767509822455,21.93066168686147
51.17140311794297,16.37086198923525
71.24436535478968,31.89076208637662
79.98154503328155,37.23642654859272
91.27462208331369,47.68263095473064
73.72461717836416,31.004926097575204
53.28769914275679,18.569193195059206
79.13784133786376,35.41428204745877
95.2405184612309,37.727234327266046
58.24011248457936,24.32236309178284
118.1504123644282,56.12402547179226
46.02180014928326,15.96925497954356
76.92114898380561,35.32688869685869
90.0725128773535,40.105980998528665
65.65865743561059,28.31960115903958
95.64224634166607,45.226989148458514
65.75582737178794,30.39655210385132
52.764920941258545,22.895249712522528
96.14061877333414,45.60312432531074
85.30953960663571,45.057681569821995
49.900927637517086,16.800118314858963
70.68958183889679,33.95535620657128
49.10772916078529,18.731105158593365
92.94885664423241,41.13349701321
64.07873466951676,25.358933729806076
65.73730544455893,29.319647554941692
52.45979079707293,21.246034900278325
83.89054449389958,40.85395297934916
53.68850605734886,24.888431737115937
96.07068934983351,39.94626265866842
107.59752320360998,50.79516230757143
82.09190201574509,36.54281976436692
71.18096192642267,29.52041624420008
70.30654039168296,32.18616749412855
64.68978673888854,32.56500952949803
79.19108628015974,37.03040162861653
55.81623658909022,23.305321047641854
69.51951437213401,30.883942820786803
53.62735017999109,21.126205021568516
58.376943161605766,23.412949660239452
52.531670230964046,20.68095315228943
83.21546701451507,35.59708567944454
57.538907275599605,21.562828008349275
99.26780640237732,48.15393807781394
67.14785503171328,30.62593716341406
67.05724737977881,27.866121363053235
38.68288840363454,11.756705285366603
49.436825041747746,21.86045399090076
105.56125390464024,47.26133653660929
57.104476233638565,25.324368553386314
86.40288031630651,38.33895297838354
111.0608140380634,57.013898033710916
112.38477590410962,54.421201062068825
70.05147708871942,33.16492627869629
65.9089919317737,27.42801425227687
64.81461078832301,31.04599899752409
69.92527719477776,32.70680152421228
43.20649421505392,18.0390774297624
102.02492541792849,43.39556729429336
64.60820921136354,28.07765077158049
120.03487648817298,57.330644331582604
98.10671021318606,50.25703547896246
56.763639910755586,21.577376059281587
86.25031293243865,34.2248668063519
88.86728054803162,41.04336589950182
80.02765739111757,38.335561436182694
49.33564495478916,16.731687212045756
57.19860701324658,23.44374476929142
119.09051372078724,53.22004098230028
77.16054288637389,39.177242830648034
73.39528539307283,33.374101908266596
103.53062603198586,44.544099735354294
117.6512132227186,53.83198014635677
54.67162514665276,20.18949189960919
84.88379324016711,40.91989661829493
71.89500181389462,34.887123503614106
65.45517360240692,25.50733486078511
38.183287278590676,13.966725323350657
91.40079442444545,48.473336638096136
93.85245995352345,40.19937831903575
124.44357346393473,57.05907203127017
68.23681614353816,30.81985745348649
40.70505227883071,14.532803037374165
96.2462350354914,49.431582442613106
49.71589183827655,23.202114345702952
109.67625965502523,49.19612034515372
74.32622853660989,35.117592095482856
73.13668841226482,36.069953460442456
78.0941064670461,40.70870950132869
76.08325170560211,34.22784981717533
69.76475281739404,28.0425851911621
69.99330793192745,32.12676598912273
68.46225174770686,32.602812121913416
74.25276908976593,36.4113675720736
98.53004014034195,45.20783181961877
61.607263056964925,26.88674196567277
45.44824288399161,17.788031435697867
88.93447691473648,40.60440579314246
75.30584042948611,33.600623429805985
66.87341725290075,30.171155838049096
86.38530314771639,44.29595374097038
54.14179524433582,23.376005600075672
53.69590058646361,23.692556523006324
61.31053123326957,25.50962041369659
56.331796915995525,23.62162019911556
44.51271914795851,13.886884405761682
49.743969696186895,16.255437570076285
87.39441674278274,44.90064537696574
73.97243945560686,31.709643967978426
93.33928955068643,45.182899277018166
93.82542391177711,50.70103157233891
45.58577395487761,18.01588382830304
78.9523825642553,36.59810598396125
92.75037295187772,45.78190015697976
62.41165471447985,28.21932809283475
69.27305640724359,33.54016787822592
95.07893027904103,45.770334694091446
89.91457681633015,41.30677750764965
87.56750361872766,41.9238183633099
53.87746591646189,23.543802571038814
58.73851979454231,26.653270733966288
70.01006338780923,26.959760448089185
69.8336783330971,27.150549847653913
65.7569599065747,26.208327941305164
96.02910389770823,51.94902338453171
69.68338198794902,28.079674316599974
84.32617133819477,37.152417355075414
76.98637996852096,32.72765149617487
51.35671078871905,19.923978524811588
73.58200023573278,31.439301980663938
85.97180886520673,39.63759380277052
65.71475058831017,28.662719676054774
56.772413126269406,22.31457265856131
61.35788318829137,28.461674890838932
74.61684601997655,34.07723943547497
67.390374180846,31.01627000689217
64.9247559469866,30.745029673519397
83.84402629305059,32.94746518952512
87.44847317579163,42.63108418432007
64.35601859050126,26.590972847447997
48.49346583220323,15.894581914001137
83.80447892229904,35.5281912025986
87.31606302140206,42.06981150799038
65.05798982197534,32.940242641644595
85.04988875500693,42.588062230415304
56.38280242809316,20.657140868299106
76.70838273051233,32.56890540886755
51.807549531767975,17.87660626593091
106.85864919569534,51.097501027221895
95.3580424806362,45.91857165411244
90.80999596331841,40.52359920838097
89.36145137700171,41.53509963952996
46.153006467062134,17.39991749313993
66.78054503675679,27.077975351985252
104.44258565895353,51.95728859103563
56.471448465608454,24.68947365173867
76.42507011038813,36.681752696066944
61.62972534220519,20.438219339292445
117.95218146761972,52.34953763059156
56.347562105024274,23.78418339706934
47.75439817634383,17.768412411696012
86.65603452255333,43.54181457008855
50.991569151216055,23.36140269816842
87.3590907705152,40.618379606350764
77.74786567306404,35.080973705641604
64.07687418662063,27.966281977683895
76.05149070220526,35.125931026348006
73.32533882764398,35.66637509887599
92.9193730747964,46.522563838507125
94.73665208439172,46.33058628692329
54.64764547503664,21.680799727919855
55.03287847984354,20.903250372783674
133.82150207556546,64.46454416130892
63.98537250737122,29.551249454738443
72.09229154521914,32.28174061108059
80.91209593507115,36.509264629402054
72.82301848244019,31.310432988759217
108.42157130361267,53.60441091005016
77.11952586904292,30.57054858138408
59.32983324707706,24.859294888018177
62.50527217022708,30.40760387487953
71.70496334611313,32.072048398152376
93.20251962524033,41.80210565571055
81.0735170239177,39.110253346083866
49.38783198135846,19.03255367924303
66.99672416215755,29.56393852051044
94.18160033476813,46.24707894088478
55.51295244361802,25.17301659474449
89.36308771029078,45.40162732585113
58.09879253719853,27.962156455756194
57.644326517215504,23.35382329668983
56.93192940882499,25.534956513508693
67.74940915295736,30.984087081591372
62.12119439472155,28.036069278024993
82.60091637181915,36.71817932237937
92.30242146101862,39.11609839640829
49.78786619745367,16.65251540282843
58.17785303619485,24.346577886402944
43.56235395037736,16.770624296982348
68.65995474307414,29.502772237795707
78.37002491731202,34.23242272367911
63.156529327817786,29.4360909889052
105.00693711096565,53.467599534754015
44.931407507017894,18.345581876720352
63.3238669621811,25.279008527599203
78.0126872932601,38.447790276027725
84.05484665195029,34.03702785839865
105.87252724205875,43.8409111488485
74.01326239629233,32.55638852650511
67.33123727280552,31.063093700795285
67.95564584550445,32.1931084986685
79.80432314535867,33.5298708141701
72.88698606659136,30.233417471676074
65.91156221951488,29.9528118091804
68.04794021161294,29.441683771716615
75.08984358322978,33.27620433876405
61.85803992155441,28.464779375812235
89.31217651749591,43.83491532520111
55.81654536976636,25.49443891002817
57.77247120672985,19.26741347637816
64.08868487390085,26.6189518685756
48.37601332464068,16.21014182790633
114.3539990140763,45.80725217249814
69.8374305453273,33.98257132650381
61.135136069339495,21.9365248474157
95.15681841810812,38.13572509775552
83.73392367949141,35.424107581427265
77.53123471690574,32.34673118300057
62.1899223671513,27.137464700342736
94.40101641524733,46.21085166700027
63.97885077754776,24.95172040057957
68.39310935147498,29.01678701479895
74.15602848065167,32.19056769538941
48.041294920149895,18.94769068608216
64.20653728906468,28.788208492191462
67.5124655512366,32.6830716296567
42.71110053333721,12.618301482440614
43.34208739259037,15.823812783347904
97.82385044988325,50.97331837958278
44.317489209120964,16.38952043301855
70.404056559371,28.339886225075336
57.970276078365735,22.18936803868215
107.87781574109826,48.19645069300141
73.84322761012142,33.694919903654245
68.47278934443142,29.4355916682066
61.24061430769605,26.102799795326032
104.17232324310928,54.73920399100133
81.64109735148136,34.224538509906054
117.57966977589143,57.00838091542847
76.06500603160114,38.17652186514533
114.18762944561972,54.78549529730773
112.25011595957763,54.55186387944394
58.333894365171666,22.025010942361607
80.42104597951266,34.032378755507494
103.21419505448513,46.23924251930145
46.958559162572634,15.12132607433441
112.69857816561036,49.78129459573823
53.79556082268804,22.55376106995109
77.3981569847828,34.622319421798665
58.14194642333029,21.921196537754504
102.88325492987107,49.49114306311742
73.42776456042827,32.788633658579734
55.085560036008864,20.44486095686704
90.14284575695348,40.79324013781969
46.62941897793081,17.092030343042616
71.6052229065813,30.541513400101866
56.157255498328404,26.808045845719455
74.14201777011809,34.14690934755733
66.71606988865369,29.73627650867068
91.56861020059743,41.538285609217986
78.49104202798893,40.34082182207632
54.11363285293473,21.096093591058168
68.68559446085385,28.752452110612484
56.90338930848125,24.6922644585979
68.90949821196763,29.49486806647175
41.822614467183165,15.222914487231039
101.94600458446291,44.473880859622504
66.15952073045707,30.514517104285005
62.22973525039798,26.13288827331128
56.51490715641252,24.12876188848824
66.27804995108785,29.602391032150486
77.65755349480897,34.303571170132784
90.79388298823213,40.11619280645039
65.92992490027225,29.617081136413457
79.72719606000433,38.65948146093755
92.50973082048068,37.91393176410519
82.9682119279907,34.24419571666847
87.02057916485867,43.025597648918726
63.78420329472282,25.56822175201988
45.15738000462309,15.080530449951759
41.1208553010803,12.913287530131
41.7239943605002,15.451417318183081
78.87554595209086,36.18957639775228
71.03708741899538,30.774664788140885
75.21567361954436,37.40566518025757
98.90450678921391,50.21847443256976
80.56568406634963,42.230787371485384
63.447978082385745,29.510825338498496
55.732709141139395,20.10686478782013
54.87867820884925,19.74072694747386
89.93621026737446,38.714862896888384
53.79561976147206,18.215279936846493
76.14949573705462,32.23477612881121
89.4051971813029,46.10187608036734
67.03321747657907,29.51034796596919
93.15677177458423,46.61332070754962
58.83525598496111,24.719784654132255
87.09853194594828,40.31236634931825
92.15613517056656,42.83789524662806
71.87524270571168,29.142635357676667
70.41040539506403,36.18386803048168
56.051509803245835,23.140730622069153
68.96356674182533,26.588844094033597
75.54784700561314,34.242317435998245
102.25723049186288,42.13237859697332
64.21303013996575,29.83114792587889
51.694176491120174,20.08310763318358
51.68831984468936,19.79473706906801
84.22505262757832,37.37058762688955
84.52090291765147,38.831180928277746
72.43566738829055,30.873101727503183
80.39486664934677,40.890058569485035
81.26250448112242,33.16625849177035
58.583042700829814,22.225798070846718
73.4173085283283,32.38791314656804
60.1998177456975,26.123907925926783
82.02896279697535,34.78491087342038
77.92869395400288,32.25520699376364
64.48394948785632,25.50585745417094
82.27186780250949,40.41800492127168
43.57241964420407,13.746921248411878
75.0663961489743,37.340898586490916
72.50374663255594,29.39437496505148
66.40092565348789,32.063460531588106
83.8941067925999,40.13438151766245
57.11238399341959,26.792656782797227
52.50175899157874,22.80364467486867
45.775035906431654,18.31874405507241
60.01046475578275,23.93570360665411
79.66452410470512,36.64807669902814
53.1419142079282,22.74481334130939
92.00266401489333,42.77310835864757
64.54837354210478,26.03766801105567
79.74379882824596,38.6730218596935
73.50298104654891,36.302427349407424
89.47582592077097,42.029010991822084
60.05557262558088,27.918295086496638
105.11765947378751,56.205250714472
42.94473707699443,16.502320053405548
64.26641782158211,30.276610979918537
65.46610908241826,30.76215831020342
90.52742612540746,36.02616911638611
66.83490525544279,29.63828518507039
44.914003850668976,17.40396293733684
97.16785669954507,42.58814604082858
67.3859102284753,28.27720028918198
68.19406422472285,32.620154538614074
73.18451394908118,31.05488382645157
53.93932769329607,20.70138919584959
84.50506474722357,39.459596808633954
65.23402066208139,31.21008888803509
50.507363478311916,22.641506347140098
58.55175643223925,23.926989149081017
44.75487891866666,14.338410178211667
60.38009904770523,27.1577862046688
57.926868999270894,24.521018692274644
57.96303428111598,24.4892850408354
55.28678953322917,20.35787423197687
59.76132960596082,26.324374643342008
57.3350480095488,21.394960598417597
85.1090216695587,38.74023237948616
52.42564118862492,18.672456525497136
77.76500911980742,32.59237786016104
47.2122722885747,19.31427394394713
79.38501518986459,34.23655110948175
48.70184517005383,15.873511993648503
86.96486024942547,40.208549455873715
51.03509220469219,22.152203868166982
85.53763693975945,39.48258601991659
50.69091505364302,23.224409660847876
77.5651893966819,32.946382346480654
60.04406881781299,28.78593820603495
60.0963210090659,25.82451047063357
81.03522190333817,34.29281315039018
64.86085372000372,28.01331587126696
98.49617318405635,45.950481616624025
56.13073479253196,23.26321664299148
77.91412111042935,37.186208106753526
63.50350504931643,23.44626342357079
78.38458231897485,36.5172074530927
93.39714543828396,40.555973122415544
50.57546789365354,20.523025554621448
76.11437857560188,37.61541321491165
53.89028884463858,22.893937701591042
84.68713372312249,35.946390774185275
61.197325619507204,26.792368949118526
100.64223364328605,44.86197225995022
63.10325493478381,25.506203591690817
50.28144861138948,21.384330292323302
82.04989453571432,39.910864915500305
60.9274345931958,22.78424810457296
67.41726058256772,31.305880950374053
59.96894238816592,24.807271780786756
58.633115565334585,23.504398803094148
71.79060330103457,31.8980481501453
78.76036263057952,33.52820764871889
74.98913867148794,29.16204722771415
51.18276630795374,18.82142919303896
82.22092418021619,39.16920367236677
67.96005461227128,29.382680309367647
83.06722563474398,39.938164791598474
82.45107215025803,36.593304778469665
47.28302344648004,17.38182054375321
73.21411250549028,39.280277644317124
70.05216528056872,32.6617678220952
107.57887902011029,45.004494654788815
76.24089993736419,33.3564789721065
114.33239679458762,56.13645551747605
83.72361228572333,41.48876898323448
81.85748158065715,33.4979274316678
106.51124197749307,48.202758948098726
48.28617194280152,17.409071946495878
55.139773099662996,21.02015631347158
59.36464594275277,25.75588013032749
47.43094872989492,18.119558791578736
105.22508346833611,49.019073659670035
94.71169910315902,40.80274863103913
84.82934655519283,42.70019578146847
82.23125010078542,37.697432183654755
56.0735253018924,21.318309712383037
67.44131193856924,30.119563303979202
59.445304470827544,27.38990664675334
126.16257650005232,58.373131590042455
89.45740281138302,47.176754824314116
97.53022157090169,41.79218523329785
76.70561695656403,36.01788899070737
44.692427674461214,15.459469608692935
57.527940889478046,25.821145858047775
123.33032234309515,58.48971092718028
51.19351560642582,18.421553848597185
62.41784033036954,26.587428059552906
58.386345598699855,24.093020818338555
66.17636054590331,24.834824857258546
93.65173051770496,44.766124487264726
44.5559852882002,16.888194891336894
52.61220098750923,19.7559305309356
64.96628477583107,30.436384511051152
50.9195987355742,20.873474896400367
65.51411006699851,28.6599362718932
102.40595026266985,48.890646787923956
73.70651995155045,35.90265618036111
79.0444082875994,32.33563046325132
62.90358930758169,28.87635008318895
74.15490466748928,34.76071113569046
75.83571554731516,37.35860278389458
85.87910289936835,37.93170975275458
69.10726310956528,35.21254373588027
74.33473762588507,31.046722096629402
66.64674893815405,31.923924612934787
69.29879165807901,30.36358829361
55.88679957912677,20.682061683496347
83.95957955943949,39.17830701740588
64.17243341967747,25.738460386379522
59.75526092600549,22.66514134063196
79.83441411046056,32.33314006106286
51.532589674720505,19.89948995129556
98.13195534428195,46.44431336637182
46.83964706291653,16.23453973214299
105.70406330818035,50.655554913004785
91.66142586164493,36.29518824350715
66.08271782948833,30.318799852604982
65.01672280240098,26.808742180956596
87.2807275076486,40.10401037650834
47.52479739211468,20.048057311864138
50.78589447988141,19.682999756493974
107.61498447981441,52.81288751652258
52.326493254183006,19.200104645934253
81.38033191640426,37.40817974819649
54.05246150579379,25.86209049037955
61.289238700896874,28.818738496396485
62.81999589118766,28.219785219371456
68.02234205921005,28.310065677367746
41.14403637700296,13.77368716920392
46.31699993614182,16.78579869883197
62.10408756039671,26.765161704434647
67.93318640093435,27.115757359120348
57.85181421864105,28.40424705323083
51.37025561601868,23.265354076175903
104.1025067676755,53.193171787729256
69.14193130250618,26.878664765488924
54.67295695848165,21.471560433210513
90.4475287258094,45.896202745526516
71.9711433763404,29.23806276567502
80.7738987665278,39.599903811062525
42.66776614807754,15.379875545968035
121.78571167578627,65.67519994138266
66.22014810397486,32.773083757575165
61.907528058394604,26.122369645301845
90.02287253733701,39.35143868382704
95.39515835783594,40.96525476591422
94.0868881663879,44.740814389495064
62.78525537554936,27.778346182679147
92.59429888242153,42.6046268373017
107.48365323381636,51.913541525807254
44.03462057883247,14.981821564042026
57.91875510034215,26.251401062075352
82.92725157953276,33.92811594362526
83.33492974806244,35.87071434017585
105.019896573935,52.75914396460544
44.00680239544164,18.12028493624971
63.26242445988419,22.733909591437207
63.440442033990735,24.554805481159217
61.67864424903056,28.793524654440187
66.1487867896197,33.35726683251317
83.99485111818588,36.40974265466483
128.76725162086825,54.105410949183906
69.16011738602056,37.27663783826109
42.32119250518959,15.328930457149106
54.5525947752415,19.017892706277387
62.486172876136415,24.75971031826498
71.8828541853199,33.89974775253094
126.4338783479497,60.16431437376389
65.17917924617697,31.074825069112205
54.7353494393445,20.113247315674357
91.41575074300681,44.480259402478744
82.13429908189292,33.45851810541339
51.55810253400095,17.56379762023504
75.2782927571779,31.81637666228012
72.65886847142204,28.92775663945736
68.75739537331515,31.032148254484923
58.902475742234984,21.98750608505775
57.29062228212317,24.337556794506956
92.71720526989765,49.03035195628148
61.16772321838031,25.117690869192746
99.80340702043866,48.71815119609939
48.21313838362468,20.656879061767597
104.41754856650286,49.19611094411811
63.388586998692126,29.192677274742344
75.32733530852373,38.263206997280925
53.78893923189491,19.20342721947469
42.96593076222198,14.096147800587255
52.682460901228765,18.42554481277596
81.07785754328204,35.12897413064529
61.70281206469343,25.91620418829154
82.00494085573482,32.074649422545185
66.22035691048109,30.408891164240686
62.216607298009215,26.194116374706212
76.95534140049465,32.66038425970401
69.69069473676097,33.31351820997867
69.52065060417202,32.33678487628879
46.93062430401156,18.67874773724407
92.9762616706408,40.67569293341402
59.56876664266441,25.671172612014622
95.0202749209644,45.10761367593661
84.67869902728378,40.18542966733524
49.52516574228499,16.395797737127097
95.4553539189342,46.058670515614125
64.14314001137299,28.388027588729624
96.85085465873561,51.42493521733063
71.30590460053482,34.63185182982774
100.2417078144712,52.55065735296212
80.49664600383058,41.385258289731496
50.78524115409864,21.69778516562667
82.06790722355787,36.7171981555042
63.34823847848936,29.273140749530242
58.24608091112779,24.46435331948624
50.750238836594775,16.667625111598355
61.59561307757027,23.269511773682876
69.83198541431145,33.69664443825987
115.7631318865958,55.076315813983584
53.00755884002303,20.517047725852557
73.4282156327259,36.4930085380104
82.91687005625022,39.459245297645055
57.77510468941247,23.797492413277997
55.567149216123866,21.598651775049717
66.48165116929553,26.76055141171732
70.8360685819268,31.92683734776325
61.46528488297072,26.818869674072026
55.77498919466039,22.083367169082887
46.20439542260918,18.666177637965834
94.55256439510478,40.84622588111847
66.56636765396685,26.72218847636161
61.59735529412842,26.428827332348373
83.41214059564548,40.045787633768235
89.98600961617154,41.29161383890962
80.20814308890398,42.298648992512845
108.00728625568314,51.33938029621478
61.96211729555364,29.25278195567164
46.10980561385149,16.78500260042335
76.62491197567965,38.50292627153845
56.061277655298234,20.45080941994973
80.46664435806798,40.885817524863164
66.49971707321072,32.0168866473433
61.55760492616277,28.806805832336124
62.646027778346166,26.495420605952965
95.1410840141662,42.728692152573224
85.87453490152339,40.94349896006758
53.38960087014603,19.953392251172954
95.01087868020869,48.11891781890636
77.62856749280348,35.74246205253235
58.77646038061341,28.118216058956197
80.82074733329611,31.756664820819505
64.11024915829465,31.655363935760583
61.05266677375069,24.35255371614314
71.91644915458906,28.666504363937932
58.8931192150056,24.39958792447084
77.5430820736537,35.45666721226296
134.1712555350905,61.97621745825832
44.86745785760418,14.314123559413805
73.94644179971615,37.08417233760004
47.363558890636405,18.806920627617913
81.55279351487877,40.43705361552143
71.80976762459093,34.40070663566762
91.57243284234632,41.23489027544017
52.074788372584294,20.397482258423388
71.01940289735774,30.02664459673247
69.89830083043317,35.3241401438408
105.01330127890397,51.33176800688067
66.7585070656994,26.677409969301525
72.96669350089627,31.798625885473907
86.31740724476323,38.44266652046462
97.53887696104114,41.07365261242593
57.12841582802075,26.343054508577875
84.73127882302104,43.009422066024996
72.40667536896692,30.377454086190518
62.01484461958333,27.68635319241583
44.07388788683559,16.33563593936466
63.01231416665444,29.13125313627507
61.044520275772456,25.91887840802373
63.018109281077834,28.530971858670764
54.59171704132831,20.382067800199515
50.19367987142882,18.104926308581216
97.62666733759579,45.660390208775866
61.46605703433629,22.41752440519348
75.00434804805452,27.279596153736694
45.263005005825356,14.706885594460974
56.900880711348776,22.612630464669657
53.94605960430261,24.96840758491415
89.1037873370607,45.36757510555898
69.58018959571223,28.53011438674106
53.46679202882577,22.952708500413248
104.75836063042668,49.746748221257
58.076453761091145,27.516966353057384
56.85695433617727,23.07131333587381
53.25466058525371,19.7428949264134
49.91969733907152,18.680603072356668
59.15065637292449,22.77143281420589
71.53115237728983,30.95698426137519
60.82124757279003,23.703744307345765
59.660334345370025,23.40106639206201
79.78542858436543,39.761463162402094
66.99126326964519,29.004975035234427
119.47958132084833,55.03017225523671
79.60537403556683,37.28106426338034
105.33989919087153,48.77150624143811
97.12967737531221,48.038050911946534
65.42373179049915,30.512191351304878
70.28828362737038,33.07987356489932
101.01877438805138,43.5043799524644
53.53362827025178,23.939478566227557
111.09253950208401,52.948172870898695
129.25995446453533,58.612532182748886
42.19817673709509,16.08980118974983
67.61963871097434,31.44868313669074
67.94676754797607,32.66030706025504
77.26273714127946,34.91759841373626
59.68563723282684,21.0705326835404
72.57667154522382,31.51469593965317
51.90338699249893,23.68787202720737
60.72531725791706,22.797678997475668
51.80846219522298,19.144509158720822
73.04354767233056,32.626938328650844
72.25077133200931,32.20061568211376
87.21589246562034,37.590711067021665
55.95730963175893,22.448032573988453
69.05867423292639,33.35113601445665
59.2943686906851,23.879649448941947
69.23242390547355,29.729154206086946
72.26808014441062,31.12212023939142
72.57562034238576,32.478159745978914
60.447002464259604,22.754817262080856
52.7496399084407,22.38022003388098
88.7931488681157,47.59801235497904
99.7456874243548,46.51381203966238
62.85489381708315,31.06947548538733
51.525128642959146,17.445043566035743
76.007492913903,30.925035726039837
64.15803335156431,30.474336324518173
82.17363104546439,35.31592076982941
105.59577998234404,44.928651483327805
69.97531913342569,34.065582179579316
80.61560418150671,35.39800356157895
117.46658736872799,49.75073719188197
80.2125283152331,35.3062439363586
125.33242403729014,60.334400173278915
62.326175039060075,27.21235768088186
80.88543765403028,36.52293224649236
51.459484291955775,18.975305908676614
48.836768594642194,14.93503482902187
81.52903387109492,37.858085946949124
56.583183455912035,19.67314195494515
55.02938771884457,23.84082167806746
109.07274197799222,51.713890619976766
86.53606866759236,35.64312495141453
54.26123170831885,20.302257469366047
110.70195422495698,52.8199326275936
57.43396780957666,27.48829386667377
96.80692853811993,44.412206812134016
56.405668938687754,24.66017277044239
57.78351636128818,20.177725610994823
58.821655702826845,20.897512080082045
83.77936498375335,45.10375469853471
53.47083986929035,20.760621702786683
74.16068452028816,33.77573790095454
76.20015432566504,35.12591978415668
66.77163892955377,27.558119293925536
66.82029132385074,29.639938600009703
100.07719396388805,43.367992201700595
83.28157469254876,40.013042434637626
75.02720001535812,38.924586139916464
60.01321981438391,27.48385043561229
81.87926871542669,39.74987678416452
91.93462374768197,43.93297644508215
47.0238227578426,18.564765572842937
75.12840380316896,32.870272639701696
79.49411641633785,35.23818715224028
44.22205589907795,14.97364550834255
69.15700358827355,28.024737111814165
80.06736096632895,34.27529654690684
57.26716781130995,21.591501715287684
42.02688900383407,12.076212890680356
70.29801585050524,28.59990581230728
48.84319906132066,15.100942344942915
110.07512411406316,56.67835225447885
59.44551301943314,20.486152227329335
68.12427529974485,31.124687439717235
42.4181577440772,16.812383376219813
61.17437362389921,25.640676374928944
64.29050455165219,25.734505228239854
86.66178852689674,39.868092155343895
52.111424775083336,21.34278797847638
80.3541746681654,36.62418782737603
66.05701447073477,32.36714800490193
82.43170603982529,36.58915376135492
68.44057646220529,28.47382881666971
41.55646494203684,13.483122630854087
60.200183712558335,25.493688004514166
80.60402502550181,36.295324415837065
54.01459878605243,24.553103354337765
53.553381515996264,23.26827377553521
62.167656525199575,24.73914172651936
89.73364182414448,40.51345719812796
59.854887750351374,27.352237945747525
86.59035559786412,42.38424610781564
112.52669638481744,54.74665184150201
72.91414429916342,32.62171813607817
103.56804623656645,52.15591936413971
69.44442355999874,31.59806787083879
72.85713026592852,37.225605444268986
76.96876663447792,34.49690280924077
77.96804607504252,37.122567039902584
62.92912300732974,25.93269983821551
64.1738243883197,27.195467196031185
53.511572412978964,18.817400022565838
72.40883807223955,27.655679338643363
84.25785765980493,44.19542974704356
87.0120897813864,47.460273240899205
45.800816721463605,14.77517000796002
63.1031209831615,24.987201960825743
50.37329904117664,19.99689638635027
62.760400571397646,27.307949462376815
76.66319322859157,32.778339544692976
56.515673800091925,19.28642595586574
62.07230457955344,23.221665222367264
73.3784253034567,33.732284323213584
71.51784986929694,27.45952373284542
53.28220208359001,19.08432496608002
78.21591166344746,35.5921560464291
85.41329572330321,36.54670335114667
70.74001375299457,35.11043347411854
65.6691909862962,31.698235844375237
59.06256543807006,20.613355016644576
99.2341946980553,47.56528486759576
90.92587951487005,40.89499038525919
67.65709198776611,36.07552123648417
51.98264499585151,22.640647587738968
70.00736359238296,28.91957851885162
57.082513201963046,25.681163622489933
79.55541481963664,38.0909827070527
71.19170897263528,32.688036244658804
78.91340548960278,38.23769400563843
78.18176010396253,38.00476776833224
74.12763167096776,32.595481569860624
86.65248408567139,39.88094066129647
74.31616800266988,28.868012153275295
82.05054373691533,33.81384826748085
90.26550324830295,45.90579889531792
45.320750709252266,17.628370789263833
62.288482992041146,24.10310172823245
56.56483861664261,23.780719959758628
40.68925707678983,16.84274432810943
47.74854902782853,18.218501936332792
80.61578420913429,33.45691735372241
93.40214697908382,48.78703571692457
95.82150584576092,47.90171039040961
61.49850420141646,24.38838730867898
64.42654606144204,31.280449756639293
72.55504568969201,32.14242871399358
62.302888526804836,30.56445040518566
59.89847316963025,23.9852757855603
47.7331092731015,18.831183278839383
87.24553043923828,38.36874455863555
85.34590624965148,40.38118615618968
52.264684010283325,24.083966017553696
52.56923945176613,23.02668677155998
53.5139222900011,21.74749142158893
75.60302245219013,33.708417191780036
52.894304787305515,20.96365238044325
90.39525126781223,39.1332407553059
80.26298055256565,36.005468304009575
73.05760851528547,32.51986505399191
66.26791521983357,27.77213575148693
44.79264004594259,14.245254883323685
57.344756271244904,26.245220270281123
68.25245538267097,31.776720180768613
74.436892611265,31.27378194480316
73.50251720908346,34.47132307000693
51.58684431859536,18.10704303887963
107.0225829567861,44.360356174444014
77.67932561593527,35.846830559760605
64.3565955928128,28.579001009719722
62.019152116104216,24.43929651179637
77.95451485403493,35.246672384146194
66.91303277918168,28.935046165969688
63.34678401956828,22.6653091997347
74.62870907890938,35.823548027531245
52.84974299716624,20.660027037420825
68.78949871657336,29.84243291467634
82.61309404306294,38.695673726077
72.94367501557093,31.874263545236833
86.83367859621055,38.27880780081798
73.76699679297775,33.78352460007892
80.19028393078314,43.06595352643015
84.43845115275882,47.1352001437996
63.28793900338004,23.669408844346542
64.28159233403514,30.083370779620797
58.98310380212608,23.281558335158277
63.522573330331106,28.806374604926674
87.76157259685334,41.35772347012955
48.45471261245114,20.342280184053372
92.81173475603873,43.942452274655714
56.69442426409924,27.625267079810843
57.58321953313448,27.07835240658374
82.13657642646189,37.757387055618565
62.6293469500108,26.288650673940865
44.34611416468739,14.677194327743598
70.35745073326214,29.64672585611467
75.03431500825315,32.247399044105975
75.56711842014593,33.54252047827294
100.44683489924356,45.541238841812735
43.589582002023946,16.99548042697376
97.97580018626427,48.75597174870873
74.86646881802349,38.90350886991713
77.87167334648501,31.239490306938837
95.56763679753209,46.05514083213415
82.76585949241127,38.73268303173691
88.04400454042306,40.77383606607355
75.77168894404944,29.88149619628866
54.125204521220105,22.430745864991408
87.76948368951378,41.746226405864995
84.50037576086417,39.559288697084284
77.6987435093437,33.44853907460914
53.35624871499833,23.677822935878833
98.54860830137677,47.17974191593846
83.20592856184433,37.17314420798036
78.63413891492293,32.67407207661566
50.98873811478359,16.407988070848873
54.58181477751709,22.14356328199739
63.13964477905276,31.925859254022974
51.81660688758993,19.179162431108352
95.16735186213688,49.3676488901906
72.59104404034923,31.077307226527605
62.94458807191608,28.643849383199807
81.97595679998311,39.08636913976056
50.24005521020729,18.585481941800328
99.44943671464186,42.700389079642434
48.2611308172537,16.90440690720743
71.95869027330404,35.80064459013072
81.6031244070409,37.720124478886945
56.219240726258434,25.070474962625994
57.78350152028475,24.765640668535717
95.78402324536583,40.985391580000666
94.53941672400552,47.085307214471214
64.03927903102482,27.371234617244994
58.978455856487145,23.05236811677417
81.71806352006277,38.048141116404004
87.57460134775772,39.62133567474081
82.5543271976091,35.93174248701195
80.62810583584658,40.623151419071114
99.97808667034352,48.37882965101949
48.16764426173059,21.401974099087564
60.18160707924673,26.12126149046631
63.76217560601338,28.564878907578088
70.16161853462037,36.60856518714257
96.15903553991433,48.31788291180699
86.65889328147983,40.810542446714
77.09370902573106,37.61720263356381
62.20423809730295,26.786084283391734
87.91321860745362,35.293915840156764
98.42420910712164,46.71663435005569
70.61397913523409,33.4607446037819
80.92716406225043,40.18060390167011
50.75859738222221,21.76227598968441
74.22425231470218,33.8158683545985
90.82859192659427,42.86793894523483
54.44929727580723,22.321403946419057
57.60333077496318,25.08375245459129
45.81138866863559,18.876397840973365
55.83958083868362,22.4459921061115
99.24264482512982,50.81099897792304
72.18585541584187,33.9774904060449
85.35733749688902,37.71700790425655
83.13105612885394,36.43211926656653
59.17288360608207,23.873451797490123
45.10208808955909,15.782561573233231
63.44977400523185,25.30735510061008
86.41346864437867,35.63886334035719
60.56596250322973,21.24549011466744
57.82259559441964,24.09669585161536
69.55997581570979,32.215145007459434
79.87149044788612,37.79288562283563
48.255386543145974,16.761483657497983
71.64258888660513,33.407489247748764
63.090560233662245,28.35038032301498
57.24129373774835,22.53865673668008
62.29379567881206,22.78850270096053
68.94720457988402,31.494104176046818
44.74190962488622,20.135998211557162
89.42596786035693,44.88322622408127
63.74886479638697,30.854345123935182
59.14299688788324,26.98236052658089
127.71388227339976,65.45317372520226
51.81686970414147,19.109772200985176
64.23136725309246,29.65621027023235
81.97561698181816,36.40920368134829
68.57460511369389,30.695235896865427
39.36182000025976,14.40740367514242
67.94934683277742,31.43958562370114
53.59477470289426,26.850682816230066
59.38675821584002,26.99151927889676
72.37643669208094,30.852949589401327
45.632326639338366,14.79219105460333
61.075160608408794,25.308071401867657
76.01516755710497,36.339526842282766
111.37225312187775,56.26745675116573
72.01975874350445,31.112751034746417
75.9684674602733,30.46335821155778
83.52970284762492,37.729368149485474
79.87051669811979,33.181572643355544
72.89886416727906,35.15866001143108
76.99089861369929,34.065059185378956
47.13722998566764,18.720107864611183
94.8559363419399,44.496028545430775
76.7394743756374,33.65466084562407
95.55931294189907,44.197754099252876
46.457050834107974,15.891911250829533
92.66898558633292,46.97213961795594
78.1090923473752,32.947465596278626
79.23130974507737,33.5647817837313
66.4046686847414,29.666041616105275
65.0735316489665,30.534863128936312
78.74929483080068,40.183171675679894
83.88407153072933,41.309595391850046
68.55643079215763,31.24209456504277
76.68031226577872,33.74347367995941
100.72982216466606,42.37846479919699
69.46298937932505,28.373495860930014
100.52311212925261,45.92181791856176
60.05116614376379,26.014906110437693
53.03894676701458,21.573109064716167
66.25263195400059,29.04175678158103
67.50307764472437,30.86323822363626
