AUC_V,Final_V
2.730848785555448,1.157298749195683
3.43936207656046,1.2625608252796998
4.6487508325455265,1.8784338663432305
3.2687847446174727,1.3481541501779215
6.77158029596419,3.056151024454583
2.5356114119830684,0.8853382399432619
4.776050772558639,2.2557194527665843
2.66867940947754,1.3161889106000062
2.8946566270996588,1.0798544259069656
2.534045126001806,1.168502260278172
1.7978233078418708,0.6911755400334058
1.2914798580174405,0.33087085583860204
3.9746123338237904,1.8475949230943631
4.094195555170745,1.968690534218528
2.3491365821577435,0.8029043706651463
3.0748474969285873,1.427805149817065
3.7849037379479435,1.5524627805802849
2.7690078803472225,1.1209036617576253
1.687210257579,0.5774547513143669
3.214155146727283,1.8942595070353927
2.606872389896168,1.012364594450808
3.4593038239008913,1.1901181429932266
1.9267531668015834,0.7067344394350402
6.151287987960396,3.3855859916524267
1.6421514731358409,0.6122232923600148
2.5486560348338534,0.9343607744931075
2.3242648651062487,0.8118662152313909
4.853400294165217,2.1485148822237963
2.715819318851157,1.1479788099925419
2.419973666445319,1.052999860171449
3.354955112172112,1.3733214211291764
2.1310978303344896,0.9919455350189158
2.5168131371789078,0.9598638222978746
2.57307961456521,1.5439340935689239
5.248411855071809,2.324730256369632
4.0087192909342635,1.5242433803904487
2.2093677050903393,0.7387499482270642
3.083001852590211,1.2630451691295426
2.8457317777353146,1.139522864735045
4.669418646095581,2.1273302571442843
3.664454486485508,1.7681129129110884
2.242199226841028,0.8118368860302514
3.3060172387821325,1.523890730776119
2.2689009986510147,0.7871236615932935
4.343540987086908,2.0979139129248643
4.7569753702887105,2.4407553524551124
3.2007872226808938,1.2248587614717528
1.7970495532432773,0.5911285091789028
2.287231146298459,0.8463107106404366
4.096535205085209,1.4819482973372953
3.329557057612048,1.2446329868646793
4.698414244398175,2.1662946214645995
3.0851546881166465,1.5492834356679028
3.807836708058442,1.3530982211126945
12.875805529113329,6.629689633933012
3.862023088992103,1.5619149204286809
6.078495462165138,2.744304127909594
3.871401212831111,1.5366110654485134
5.004011789927588,2.054647666818211
3.895142016844147,1.4721961782440203
3.342841916790098,1.4935964304865867
2.51259718389233,0.9117064123344006
1.9367453923739746,0.7598533437822063
2.5837739964843744,0.9518303426208173
1.6034539599793713,0.6228702254519545
2.108310514394018,0.9478562197121223
3.0517671383275857,1.3769983895341338
6.232106955241508,3.5264694257415936
4.350465540158743,2.038061776695759
4.33919547916128,2.2399072619266556
4.175449624904237,1.8204239873316332
3.0097546601687437,1.1608937741422656
8.259652254399544,4.001718461785819
3.6955895329416366,1.1974086253165854
4.451899804638396,1.6516493370540053
2.917572443077675,1.3776273730603696
6.719144382806006,3.436324557932427
5.099765148060039,1.9550054399788415
5.246287013820936,2.359829407464589
3.6837335921339722,1.715096909779164
6.880324443038074,3.956690933504222
3.181337951192604,1.1245336790701088
4.568215209198802,2.2166682635918216
3.0357306026027953,1.1917641306968707
2.9707860319422896,1.233600979339737
3.5606963454149736,1.3259488297600963
3.082804751073529,1.154907580606264
1.376517182527365,0.4171092024571277
3.699200797188736,1.477207978069602
3.328182321218459,1.2185409504233986
2.4152882867315775,1.0249368308731428
5.400802875161812,2.1481659019881603
1.4593170411773098,0.6074555639004462
2.5705299067780976,1.0040024261166716
6.107606905171951,2.9659831591848556
2.8511725576856723,1.0647741303958433
2.536682483648025,1.1870452607307003
4.072455701336475,2.2586972463862858
2.8522642284753044,1.2338930374770383
4.130623891492115,1.524483873041933
3.4729328849710224,1.3404308731449888
2.4594183949275323,0.8266704352968681
2.3437205572259154,0.9880960717155596
2.912247821321654,1.165584794406516
2.766086759911468,1.0039252288046556
3.6972967992885337,1.439667256811054
3.0101838520997912,1.2014045478171638
1.431853265130536,0.48628250488720204
4.366438097115306,1.928940876719557
3.841677658614104,1.4760701252496655
8.017064050064075,4.362588655390518
2.4145369438753863,0.9256343102430491
5.4308779740675455,2.802211790967843
2.002123581339549,0.7549470352957989
4.491546895629611,2.358281527480844
2.6777883011401773,1.0167986045414494
7.9428533041563245,3.78261848095488
2.3471542361603404,0.9226533763705936
3.3288143125655494,1.7780622167768438
5.503665645566549,2.4742773447770086
3.229553675177238,1.519191648739122
2.072333083102551,0.6306226140001366
4.862330333885864,2.1196245637979887
5.1935887690289295,2.338958084342122
3.125532044626435,1.8659275650268246
3.2930626085541577,1.1409187873460687
5.947986525541028,2.9865105052898246
3.522347674962298,1.4412586596962218
4.093802083698348,1.903404041388504
4.787821255786758,2.602431009326493
7.425386696159448,3.3290169158493006
1.0614103295328405,0.30992041949752713
6.98481052936456,2.878071012887613
3.5570349101252274,1.674702740042072
4.638605458817866,1.9189178807024705
4.6437793726737935,2.5104577346197363
6.054965484140231,2.8780798656382416
3.361851582817012,1.558517180284797
5.610221388831248,3.0057827651184206
3.2340650502204453,1.483265438271333
5.485960845515621,3.0024452452912636
2.999920187596473,1.0448587185092224
5.391179756885156,2.7970340393140396
4.634539862423631,1.5327658947560532
3.4468609114814606,1.5262730331828769
2.71957497072468,1.0173760312994375
3.486392957361806,1.4827411304491214
3.299677182908324,1.8337893751030057
3.0809030859373894,0.9589543418550982
1.8740176153182473,0.7587821179067006
1.9056034993815456,0.7299802039722664
1.9102801641838418,0.6940197034622428
7.1738378573172294,3.3908367343849815
3.049195139620902,1.2030260765343295
3.031938646691373,1.2641954666045472
4.06485667124619,1.76274460517543
3.4832320010678215,1.330246331145624
2.4254700132811036,0.9302232657716208
4.176304595217839,2.1455981654268106
3.615916732854962,1.8347337626239923
4.135237674580732,1.66922072175647
4.666093112864878,1.8809196127294343
5.0722418121560775,2.802936677048386
4.575092657395006,2.4611749782269134
2.9401618054195158,1.3385175262326532
4.355277316065382,2.1318676046756684
3.5783576444751333,1.8018708829584154
2.4053987607988803,1.0873828612186887
5.589936474140677,2.487699323495958
2.1735642952446863,0.7283194155450765
9.026339517758412,4.733696240904538
1.9399704242347826,0.6624403726438004
1.6129219261064924,0.5215489054903019
6.329648579530838,2.6683875094388054
6.885335967696946,2.862070161906795
6.491990699608991,4.051590392129602
3.449333329957012,1.0846319878488777
4.0082894109162295,1.8308005977307809
3.231261325897697,1.2752520546398274
2.178819374169425,0.7054976504269671
4.027242561361761,1.9789309134539892
1.9771701901550178,0.6559026491679941
1.915923177483284,0.637084768314628
3.1050763156782812,1.2722403311270902
4.276620520714085,1.6897151101604417
3.2533831319806867,1.6449709507189136
2.47020695881132,0.9817853032416907
4.375131970622799,1.7334061127189915
3.0584375841381517,1.0606883418289228
2.59885608367509,0.9450046620752657
9.163009056630683,4.634376393296143
3.50000113795316,1.9907270745416499
2.5664842970139308,0.9119756372357289
2.034636590923209,0.829370511746486
3.4219726815505567,1.4885038492302156
8.183117699912954,4.9024399638520775
3.634095415360154,1.9772217912201526
3.745864299773248,1.9986384616428456
2.20874933428745,0.7047024926433809
1.8343449581445437,0.6435259435272903
2.5789449775879705,1.017269944006485
4.805488233950323,2.5256633632089147
1.036403835096468,0.35907601157896474
6.327784301300022,3.2739514264109975
2.814549737981659,1.2386927436614283
3.053729788788436,1.0725572043600482
5.399074399316001,2.3730358741071007
4.8607761816058614,1.9481469137171745
1.6618174010634135,0.5700352902300306
2.4686192506755886,0.9759243700267076
4.571494966112914,2.038268194591032
6.241353484069101,2.9693607316760975
2.471456646159386,0.9574539513698244
1.6689660368563275,0.7332176976857188
3.6088842759817283,1.3518870037799133
2.0520933459394737,0.7665518915710887
3.0350055297861394,1.2257884689556668
4.572058915515141,2.32417968966473
2.5609181227037645,1.0073340993442812
2.3799526972111726,0.8163313148276821
4.018517170725455,1.5818361503818676
2.601780610137396,0.9944498720967413
3.0549886767757712,1.4107801963305202
5.515076488844471,2.191093943351817
1.5451967170457128,0.6601447865264438
2.508615653010451,1.1211001164172443
2.8877735861392146,1.2287647947893305
2.4385712440112046,1.1715209133092708
3.4081807486346305,1.4852913864766357
3.266071345238949,1.526833561241577
4.156063476026402,1.626040098687257
2.7841290636494116,0.9127968055999742
1.927716231966249,0.8683245569531899
2.4940693592843615,1.0361489691351118
4.111752302585501,1.7132682443992049
4.3426364894344465,1.2963314647156088
6.0031598082041056,3.0908596831344446
3.7226286643073756,1.9358476388519845
1.2778141117491906,0.42238143177987536
5.011224642398705,2.6395528760304816
1.6135833698584827,0.48952637049189957
2.2358149930745275,0.8393165058488176
7.937609956902498,3.7372503739407863
2.8124649846081535,1.1182328702236275
2.112928436007156,0.9142462898460079
5.808467009587211,2.7724926051044667
2.56155173073788,1.1849047758832731
3.1499318944813117,1.5529964451211729
2.1181091411418738,0.7498428104577597
3.614621386282872,1.6005042367162843
3.231145367321509,1.5722004267341285
2.636528409845733,1.2316493806085567
3.7009613080487833,1.7882718009849587
3.388280965354474,1.3326901236495075
5.073041465903552,2.298091685164171
1.3949423404020536,0.46446200705178475
2.124667212434238,0.833010344787808
3.3380763767548967,1.528806979476069
3.65973713934655,1.65308525420909
2.382536297641767,0.912765406533826
2.945530875785937,1.3234160626846376
2.205537968307537,0.882139128647404
1.580014579454618,0.5000071471692396
4.287569324021752,1.9544402227738147
3.7252507907151076,1.6390061498697597
3.2287508709150163,1.504328665461488
1.5460736931259027,0.5075188616996028
2.7926949737093425,1.0717616332838062
5.540098380381102,2.746710666903212
1.4630498886513887,0.5186648830043963
5.318726447471073,2.52248489309251
2.8119701357561624,1.1714498800590671
2.5115305042456773,1.0139720419785068
1.860028857285536,0.7535357402264536
2.5972958529600243,1.086375573200337
4.441433586306139,1.7561467402837145
2.663550561223212,1.2005703807934485
3.104164423740687,1.2971080884367778
2.6284754028459516,0.9431900045046672
3.3494620032160025,1.358600465067981
7.5099015935928275,3.992618490138702
2.735849804755087,1.070757317085166
5.481797411759884,2.4892690671216235
4.657526987767916,1.821722625932896
2.4781371634323897,1.09397399709068
2.5188339093630647,1.34559328410706
2.758871546920954,0.9781945994167226
2.926816594341381,1.1680660087680845
1.8995503961030142,0.710339005571464
1.9000163642250596,0.7440033207973057
3.6643882941879404,1.6847253330171907
2.0464698413208335,0.7989395008457857
3.2574283443700827,1.2479255384748356
7.276883941335536,4.300731622571487
6.19529854090982,3.6032850389769173
1.8771935692381954,0.7199143992145399
2.7132844476721716,1.3578761604881875
3.9036704226819445,2.0298309350380235
3.043082067778603,1.0966542341600878
3.9995424407825646,1.8465976908323785
2.759703819450672,1.1302120330741157
5.040248054701909,2.207707720514845
2.5948995741735184,0.5628736775750856
4.704379081392859,2.081776721812895
2.8907326294586833,1.0019591236729943
2.4183758238872146,0.833394207269397
3.9830829278727116,1.2367167431788793
2.569651060235198,0.8123588048680541
2.473149109043786,0.9563493964761409
5.839428613822232,3.10302839502759
4.3738711398468,1.5700260316419152
1.7478535697190676,0.6849668591300486
3.5483044223772895,1.9592998883212902
2.234740944010815,1.0351040299800447
3.396267627710223,1.2086109025198075
4.360369451567111,1.9916763477440327
2.850730225751957,1.198135831696226
3.547239386933086,1.4648725996475125
2.9147173478816453,1.2858038911724121
4.041552924749576,1.776811355556577
5.864240885037495,2.7288443562269724
1.958321975410467,0.7710191282883758
3.590779588084149,1.317763573091564
1.9430601700899217,0.73231229762514
2.0880841439771105,0.8337144698768496
3.6840893764660008,1.6496417824378404
1.88723016597425,0.5962924534437317
4.885922515180126,2.4241403168323647
3.3748268078948622,1.741557256660824
6.518872934986231,3.9880028393680345
5.572606307706415,2.786164201226713
4.974992933400543,1.8693025510633123
5.916914879033732,2.3606872790156173
5.452521947602926,2.6689864598399344
6.60859486350889,2.648909626010352
5.708734660449068,2.33600799675658
4.269357869349612,1.9029878732301468
2.2172965095403945,0.8606783020228914
3.2130036885706836,1.5696787202166584
2.650240629336153,0.893192575330957
3.6192227902756935,1.6012265875048055
3.2285251477185053,1.518666812377349
2.8274320048921124,0.9734304612541342
2.2516484406111763,0.9220974549490061
3.389046395670387,1.2023354822890995
4.103366187688058,1.9838381476721876
1.7169614043259636,0.6434334823553022
4.890740569714878,1.775480261149704
4.614274433767534,2.19817515991994
2.295242009958708,1.1345155619797087
6.087995937439977,3.129532866239435
2.8265525903523185,1.0722069895303912
5.108742628060717,2.101204797528749
2.8971271381596333,1.2655765686109042
1.8376384566017339,0.6668625558075586
4.032411248300475,2.094209121690882
2.666821684644884,1.1707053932389533
3.9431879246323858,1.5876991997132677
3.878667425141405,1.7935490815703001
7.095705762235937,4.563621606943334
5.038525067935103,2.692347533237521
2.418664393480961,0.7298704532994759
1.963915201947664,0.7680171598338932
2.74138047831823,1.1357242029099444
3.8719616093079816,1.570846956003509
7.279218909973395,3.712736952450309
5.772928096893123,3.134016851842459
4.243332732535103,2.200415810134241
1.860204289650163,0.6708195083964474
1.8867954809770722,0.681488993847861
1.5791060849823417,0.6038276116475767
3.2697794720733238,1.2456827553900927
2.617696564110402,1.2725574160660165
2.6106922797650816,0.8948653611421991
4.045056901722219,1.5887308197041454
2.799815009441278,1.380413892615597
3.4031757200644748,1.205540863995248
2.240177938415166,1.003933408841568
2.349316139131206,0.8654871271933985
3.2838067181506734,1.2846901850846328
2.371452255331399,1.007189734087771
3.6433413188888952,1.5721098512802165
2.252071671594261,0.7182376664150754
3.0258212068704564,1.217112270637673
6.180618167211394,3.212802440958856
1.3745807785205986,0.5216479206143393
1.695464579948965,0.713698992460541
2.8853848148432015,0.9741125795993111
4.952215750757266,2.3207103543432033
3.027258174544995,1.175359783298171
5.039580731591848,2.2334699484508866
3.1612836702613083,1.2961038804808358
4.4103903806645635,1.5563551421734179
2.767760801738179,1.3518544993067543
1.9503811496553292,0.8368817534722677
4.333824349677013,2.1318417541948143
2.811352340563526,1.3947822415536317
5.93413857650216,3.1594310301252087
1.9986945572091097,0.6986307149335824
3.3676381814158844,1.4349842826633146
2.734698968609531,1.1893502985709852
3.1610082790005123,1.4184123720159962
2.1943909360583427,0.8578598323986415
4.296264541133865,1.9586779073219698
2.6130819224034454,0.817357865595311
1.8894305629040427,0.562044351442453
2.5828476541917613,1.0542729879049086
1.2627926972863937,0.44273541242015096
4.336561167342989,2.199308112022217
3.6572615227902645,1.5950293183758022
6.439802436419558,3.050987788543858
2.817678016604683,1.2107441666483267
2.535840338148955,1.159793207241252
2.8873579359048875,0.9130297197041759
2.342908085188464,0.9307259412311131
3.9845995559767675,1.8793502452636484
3.793197808517532,1.7938514363701772
3.11889973090536,1.2584697048295992
4.103860725895926,1.6094782039412958
2.188223861999729,0.8998685784338526
3.2877882544242776,1.4922944972967966
3.0065570836390703,1.3409864240043465
2.011599003135065,0.818173862940232
2.5867290119317894,0.9066829855033518
2.1893790077009028,0.8728321895334619
5.876214253275729,3.3602008363065727
2.282554490764526,1.02207978250515
1.8208297174007955,0.5529741102258083
2.6975996895065726,1.2469751069750639
5.113316644162085,2.5140225488182186
2.26080021100052,0.8133138582937016
4.54532137018567,2.003013431497615
2.9461691173014826,1.352766469015294
2.994027562886383,1.6797876537586016
1.7209744215231737,0.6879497987224199
2.306048055495819,1.0391579345092867
3.335179731967781,1.4213521075452613
3.319721980423135,1.5468707805734099
4.430166602978928,2.071439015405224
2.8952963910834297,1.4547326699478238
4.915586649492856,2.229106529185246
2.874954471177252,1.0432743831268092
4.476783940227436,1.6317386983834774
2.023145341823894,0.758011970025035
5.275084230663616,2.961920388282638
1.6639517785227034,0.6658577997148069
3.9410905904190408,1.6113076719122612
4.722619047968176,1.9728260438663412
2.1790434117291193,0.6441326716841617
4.376586565041307,1.9989945077005566
5.24946726693368,2.5952168147258243
7.13839710991741,3.4799095015635233
7.08032380927532,3.7782587239271876
3.1085762696733186,1.2074950568860219
3.828508035679278,1.5727218595569235
1.6332198343096893,0.5275132669689707
7.796611421690692,3.945676989428232
3.656865977051168,1.3179758967369655
7.071321871182274,3.209861504781325
4.841611769096792,2.285442149939503
5.140972514979271,2.59504997956699
2.701348713655009,1.0165211144266801
2.077422960203104,0.5362995974719658
3.6953604046536297,1.552275782958987
1.6268034035229288,0.6202589930643625
1.9293205930333883,0.5721287005014372
3.2639257822341654,1.380562181963869
1.8278848616105496,0.6140456387873229
1.5413875267608366,0.533575479244007
2.03798964951522,0.6488084225496605
2.3384719724216385,0.9080393669975474
1.954458946934749,0.7407855171236268
1.9874832874605395,0.8417058418595811
1.8246487227711579,0.7512083229468591
1.7311039886538309,0.5836297121972851
1.6240297985555232,0.5879170099773771
2.8132122810215683,0.8552916860653041
1.8416166352643963,0.8782482240527864
2.2388848977902827,0.875165648137921
4.856558512673397,2.086258894128169
2.3652869245031702,0.8880296209265544
2.8902115263657024,1.4541547148070852
2.9429208488655996,1.2710506744720607
3.899147958570885,1.7107316902913454
1.7953248131814068,0.7606900583246101
2.9550178383948014,1.52878819550378
5.012264542773144,2.5276350541640724
1.5154996903869884,0.5338814672372679
3.1359560305902403,1.0864384288011055
8.325733095277139,4.646493632416547
5.303712252642624,2.363292327679529
1.9437097781065484,0.7818225694261258
3.7478601891360044,1.408986640796246
3.515392051989441,1.5884691561930495
1.6660515969503866,0.5358694897918611
4.290802464592966,1.959551832807901
2.893450714064519,1.0240339936795313
2.965930140419274,1.3492467539867148
3.911309638528641,1.6551607677552882
3.153713458580016,1.3598379247682961
4.639693522089422,2.307363382614899
7.0591151121048945,4.162480531475011
3.3786029647440623,1.114663781217189
1.9546236009819866,0.5378172346353032
4.5327168191878116,2.2370934676378154
1.987136820926432,0.7354533667643832
3.9901060064144023,1.4624897380984803
3.1350330593984657,1.1507275222821314
3.4102324644598943,1.3775064412028444
2.3177418557529528,0.8179889023427588
2.4492916609762,0.8999202811539805
2.4196762673255585,0.924709516959515
2.4356611315722527,0.8899226386825893
4.771452654460562,1.9728733241314473
2.9389140315174673,1.1236338844663318
2.585328803343018,1.1129167733597698
3.178154503120931,1.0111678003654778
2.2312255633221545,1.0014523018964934
2.0804622892792795,0.8270174405386759
3.1198616929228757,1.2201818088718197
3.593594330599176,1.256046323079422
7.918756945248024,4.609055883000573
3.673150988811376,1.5796435692802073
1.854760062497302,0.6304487618704618
6.090064357377747,3.6000196519833136
5.156556917182192,2.4755719296083534
4.422953539920482,1.9357497659188418
3.509556899823755,1.227217095014303
4.335215648065016,1.6913032489040725
3.498216168617188,1.500109439253561
3.049897744085041,1.2922896690635892
3.38872307311701,1.4431705173289222
4.320740832462095,1.6801761755816165
3.925660932357427,1.5720433484293483
2.7835629880923776,1.2101166618291004
2.5437613670410792,1.2334929421720497
3.269669975828105,1.5061552539947958
2.283778593487072,0.7374303663374985
4.421419264382699,1.7660826072577875
2.612924785795208,1.102071207898322
3.0777569187226694,1.312375972401799
2.3940073554677195,1.1576063121570963
2.0036163898730823,0.7017604606819162
3.3672758432610106,1.446241421697335
3.7025175360863813,1.6374742575712584
2.304917633659344,1.0705473963160987
2.4474366479979723,1.047544639100347
1.9022103788253273,0.6989800912909302
4.311315052736624,2.1839214967782
2.7263800710748387,1.1958020316976705
3.0312541610642714,1.2498210495341606
2.7952596374294725,0.9372949206521858
5.672148941098181,2.62582374359967
2.4126044478698363,1.1246107911260197
3.1850354426208605,1.1446283795023076
5.324101352164382,2.24554598132069
1.3013532461927335,0.4973199907531713
2.6629596120882884,1.0705937169127377
7.866518844868892,4.008937387020852
1.7894034567647252,0.5850994142917938
4.961863733986348,1.8993685491273864
3.2267127220095793,1.2756206021231566
1.9765220126578211,0.8420002707829307
6.319316286628747,2.8485649629963548
5.297544725204743,2.776489485397268
2.4943993260959973,1.3106789737999394
4.386914424276888,1.9944236199462912
1.9287754856570782,0.8136683808998835
7.604038335339794,4.134510859106123
2.9145271719160672,1.040280140127475
1.878237819739053,0.6831287128898332
5.55413208974604,2.437562878710195
3.9183940123771785,1.8811226150186757
5.968133435277917,3.0855561418141138
5.005594556520543,2.397727068313692
1.389468816762031,0.5466204795787124
4.234424457139758,1.6785327914467805
2.55096729398398,1.0194192111718312
1.6879702168879538,0.6300062322444706
5.396651160402335,2.2478417174261427
6.351973792349444,2.8283568421348604
3.904408428389075,1.504046115453552
3.3763540859905947,1.3989121637018909
5.6109638419097285,2.3275135801078006
2.3793336303783716,0.8484933279128981
4.190713790879995,1.5040519543082385
3.445056448638841,1.276765817594913
6.458877912909534,3.6637619517095676
3.5009423124430885,1.3422572734221823
3.684354855113021,1.619877476404141
3.4279254350321007,1.471015534999925
1.6629607228226029,0.6851795702360459
1.650203014743012,0.6316638144075138
2.7868621952872763,1.1307323538247864
5.57067681220037,2.5905222599301276
2.8242143419364396,0.9176150081270553
3.4369696731964012,1.2742985004666743
1.7181907279334545,0.7470858519413837
2.382413540381834,0.933388164638179
1.487087598004387,0.6181878693991368
1.8529637493434246,0.7118485336715945
3.1346916501109803,1.3736149703385374
2.4133956514826087,0.8993052684488217
3.1394334275285347,1.1696969421779146
4.041551954728927,2.219045864738471
1.6753184149964704,0.5448784316589399
1.6939777731523609,0.5829078447725878
3.3859427531808644,1.5463938979781504
4.719327971879317,2.5958232925502913
2.683641003260388,1.2173944637503162
4.370371058473138,1.365864801449153
3.769056283115673,1.7676905369699079
2.6419376653596083,0.8134361164344968
3.3579765206749084,1.544346831254946
3.882640134078414,1.9319948919516508
2.2521291701376036,0.8704125772799975
8.610550603553094,4.215880088696369
2.3574574003692366,0.9576778174241871
3.384720445969183,1.6618180946649295
3.2545721975568984,1.5041120118619336
2.9644666171226195,1.2691760875837323
1.9815113306916534,0.6126100760342327
4.307403636996879,2.407623206373481
3.56446063866294,1.7994764048979939
3.7744197725317608,1.6959286181933588
1.9478442782755314,0.5542754550785838
2.846588637464717,0.9632294380531454
3.0168928280648895,1.6389616581157438
2.5157101835236144,0.9601896765628408
3.3159469650101556,1.3467888742599787
3.285672568740615,1.2724831500105118
3.867841951947569,1.5005625608259237
7.542310017559814,3.4044896547382977
2.0184717833945944,0.6652034055276864
5.147229143339116,3.05102712632124
3.4720224455368327,1.8089160050513347
1.7143713491841825,0.5496216448420721
5.013755971927531,1.9921400261543667
1.1659481694301241,0.42238181307958567
2.600865184155735,1.0069878548672542
3.698525689586705,1.6255927279371953
3.7014451553749685,1.8575928430712165
2.558250247750946,1.0737029440393389
4.903818125307957,2.3196122502455756
3.8474334612422068,1.4087712971282236
5.433988456078089,2.900337768513035
4.638705821981935,1.850842052926991
4.225032032732724,1.8639086562600355
2.4219930553268383,0.85183036155657
3.5930515807660908,1.4031354632303037
5.8175903592544,3.1862759616088727
1.2772881455413192,0.4600497752399547
2.1447113737659955,1.0467637116877955
2.339323929608745,0.8768317537266888
7.052490418915726,3.2033215976922014
4.32254363697978,2.079432215878124
3.0250335119403307,1.3062086670264506
5.5288693163838785,2.5634601274594417
3.5720871577270716,1.6665970148370648
2.358008040919377,0.8295132165727243
3.538714596892614,1.5165983587031464
2.7682411569537932,1.2137202696923974
1.9802244550814603,0.7156419319042867
2.5780865167630926,1.0466325745208653
3.1100456775135092,1.1909527955325556
2.7667184577463955,1.0089170158895855
2.0435448721369442,0.6913198066271744
2.2846306683596227,0.8961551503849263
4.925718770352057,2.7957232013645337
7.030382549442237,3.776640740358474
3.8625397043134186,1.8678193212318746
2.098804497977289,0.8430925948249997
3.2669530531008037,1.30439734025132
2.8428188902679374,1.2732629189064633
2.4540981891582803,0.9688092930541832
3.3180364927244943,1.011157369856528
2.315578976368633,0.8975982137715603
3.31577565620132,1.3057938148399377
1.64123521845654,0.6116495411835432
4.949617576301262,2.0275298847837346
7.171847208734189,3.9663607822107934
2.4502223609956344,1.0717349480139695
4.885898044563088,2.465877733645047
6.826866652415558,3.829887460913905
2.8186553791377307,0.9055089457541546
2.5841595327417544,1.201385817599999
3.2806597369789765,1.4492225110645676
5.888514447271463,2.3595571428160667
4.413814428888317,1.9466572728437814
2.708257465494636,1.1281586405735138
2.947022057212809,1.4002152066449725
2.596704937336451,1.0415145629825346
1.835495289508569,0.6869765915895893
1.9906412030738674,0.6329491824337485
2.7239296908198987,0.9515894954324339
5.428554184257743,2.745557582106227
1.558745628563448,0.4341667011533496
3.560618560668265,1.6804199912773787
1.6069803470315525,0.5709284621748257
0.9537283933035439,0.3108086851678444
3.338897820904122,1.6003784903364235
3.377720381676325,1.4603024284274466
2.834736596771317,1.2881407134467007
2.0202486690244266,0.8555107955227463
2.2117338496504155,0.8350822737557136
2.5552113162596464,0.9147947006108513
3.691076612352097,1.605788647635471
4.122010695515111,2.124066031626779
6.758316547340404,3.432550091931932
1.7445011703842863,0.5890708698225371
2.789107245430429,1.2325267936392446
3.674416038968228,1.3194683643818856
2.4311608804674822,0.9757637572526142
3.066584879451688,1.3180322653052847
2.2407614915320964,0.8482951082905854
3.1267670194401447,1.3934072490060498
4.570333598882651,2.360302475995277
3.8471596873292135,1.6069495512824425
2.8343289268614207,0.9864595304143349
1.4521850950382096,0.5201721375728116
3.5222260367414813,1.2690737639837266
3.516278596450462,1.1668033788902283
2.8032888286556434,1.3320094186405607
4.664743949475437,2.417346560541012
2.6464200737326578,0.9247356539776481
2.6180796041339867,1.3681460484411403
4.7122682245822585,2.1991846121074943
3.546679074989816,1.8046761998300065
1.4645525059210365,0.5140189791130652
3.371815589174417,1.5908224025779447
2.1576522252180794,0.6801060362975222
3.209698614114932,1.2410428422549686
2.539780022137335,1.0777261959572237
3.5950255544129623,1.6671972786798157
2.8799015601388285,1.0508965101442507
2.359530927988066,0.8747887700137755
2.3212895773563154,0.8621088317407363
2.8302623763264267,1.069386246601522
6.823639756368213,3.4836770844523244
2.136866832589034,0.7623924506920458
2.5894761895862604,1.0018624560320406
4.52755463910956,2.1469518653625492
3.8700998848776194,1.8815700079435127
2.7367305307702035,1.2347447654218688
1.899756022508848,0.7050798103363272
4.5229437101536,2.3115595997300997
2.517193245351673,0.9952411240492316
4.340360275117256,2.1935625311616844
4.401044505972017,2.3515688758383244
1.7579804006360078,0.6955207673662565
6.338652671731941,3.78543554199116
3.379093837101167,1.2912595771537674
1.7414330180370825,0.57762979417908
2.235217336208857,0.9963359269607408
2.1102612658914284,0.7363446682738437
6.160496094797763,3.1581906156735626
3.1117602215565694,1.5484699113108855
3.231044160514475,1.1847811983239156
1.735109491088951,0.6742581248469482
4.083072440540902,1.865955092489938
2.751239019101485,1.0838172054621504
5.038950224281103,2.479962300784206
4.359603586732825,1.8199903878673185
2.6861643307994436,1.0545449194951177
4.488354443440742,1.6841070797510602
1.6588453548684425,0.683316288877484
4.0556972127270665,1.7746830360058001
2.744555805483187,1.2971813193749862
3.1998060906400116,1.0831021266855967
3.0463404104823018,1.0676117032499408
2.384346625149433,0.7877924750600307
2.7819827209884016,1.0110815261571326
3.3829806362597585,1.0971841862624092
2.2223067114368162,0.894226280702117
2.8656328916126457,1.2590151156324108
2.260212152260303,0.712249416414195
1.9978567512081111,0.811381300584545
3.0039892625442626,1.0702397162897543
2.7717765020570835,1.2866393437114045
8.989976183463668,4.769697316184905
2.5060991611762424,1.012718704402661
3.559346790995884,1.4977827433721373
3.5563234796627787,1.2110391052856733
2.4515119750253667,0.7675843732881754
1.962060492577476,0.6915182096324647
3.2900711810427996,1.18970366512748
1.891627717376429,0.7132115230460175
2.1831260939159454,0.7121536703149164
2.4239916455063066,0.8233278732963007
2.612432731242159,0.9427676612521206
3.931512059494429,1.7419762064658735
3.4948323636076726,1.6866929587349226
3.1551564342719542,1.3269244436445593
2.1369978629664814,0.8637580798744358
4.666269992143621,2.185449688478348
6.5420358673573755,3.695547827082226
4.655057522579144,2.3588611311452543
3.4084083327281056,1.42086837409946
2.6894995528981043,1.138750265495468
2.050846609454576,0.8790975701971895
1.2013315929953936,0.37398725367698865
2.8146206346032407,1.2333898205226341
7.323750218395007,4.501790471353691
2.6467667175175933,1.1175651651409384
1.4590229245655646,0.4458624723775354
4.098149967734611,2.119841947521167
2.9174828926067375,1.2322489404360026
1.9502454103903752,0.7861811009287341
4.077299077698292,2.0161747408268407
3.0278221678474875,1.0095635760199388
1.5432464090859437,0.5015429998494946
1.591753408985634,0.5936332663762507
2.822278068906925,1.407963507174708
5.758286418233262,2.809204696519741
2.393867963689362,0.9316583719839061
5.408085922314327,2.2763030720056903
3.677353065502018,1.4806340307436674
1.82582295822345,0.7142780762195803
1.2689729121266025,0.37852472866991516
4.94055852364115,2.6205599022659607
2.4919820087412905,1.0490830220971106
6.531768022247048,3.0842985321283924
4.976728759742081,2.6698461946292857
1.5942337693150619,0.5425048599690077
3.0090556807899556,1.1562539868238628
3.5213326230929836,1.4484476992937847
2.5290134854423187,1.0290204622762953
2.629068163327508,1.1985261762466033
3.001410289506116,1.0367400120872134
4.029710570564294,1.838825498338136
4.52063429427775,2.2501285205457253
3.6507022832874476,1.3596616719239019
2.823182001570132,0.9152104540359368
5.305025622917844,2.1791550582595014
4.134175206424536,2.113779313562173
3.535409087634365,1.7145328425828248
4.758183508386204,2.4719214681911255
2.9388872099211003,1.0808840535394777
3.43261970023746,1.6772593352368326
4.319064674265836,1.9809113077110099
2.7031602133107424,1.0882094756857257
3.4981444055820137,1.196037454827854
3.976769255190284,2.1168611972773665
5.5423738054989595,2.20644587393179
3.5123479258470076,1.420677831571035
4.886650994060998,1.8627620062067698
2.495316577781481,1.1138188012121053
3.0438028805611226,1.3025634433818551
4.0101292714041294,1.9791586486595794
2.5581387742507693,1.059557288848013
3.4069670079456333,1.665458344898277
4.591080833737319,1.4488834742867809
6.364538535126585,2.685263784676603
5.224565296975851,1.865807366482424
2.5290842270280254,1.2104242643286132
2.3164069229541284,1.0665613404131815
2.566414946939493,0.9430026335814402
3.329062414998864,1.7076161947820625
5.615305358013321,2.387289816676935
3.6903624493336338,1.350118936522136
4.720391056769147,2.367520872800418
6.974571378372918,4.00539577099586
4.4857791097648,2.137281995267743
5.057919074996575,2.3219327543179307
4.017599427263895,2.0063644206555025
3.5704406049195025,1.9954364097818027
1.6185119758421467,0.6079115690824942
2.457532915482395,0.9265134892345139
5.2897942473940045,2.552605583740995
2.42691647901445,0.9130511278773598
3.1128661015019556,1.2338241170896884
5.745793741155418,3.0684174579486
2.0993302586971017,0.8326787414015613
5.078795844767089,2.2268081037887266
4.991457391056915,1.9866746560240367
2.49830645715515,1.1090898633221609
1.7416932334164743,0.7504180708595237
6.1304725486621905,3.430304928924291
1.805791461734931,0.6012307695139864
4.480325920421385,2.5383789414011715
3.9541670787146463,1.9669745090123836
2.9043246880213194,1.095634621297096
9.400351621682688,5.026193693153841
2.6446251442094963,1.1048012748968599
2.4039205716636074,1.0301372930896022
6.6202024595211775,3.318130196155869
5.239867174762686,2.949267921880918
3.9718795502779103,1.5665176769627547
4.8986145164324615,2.214283928295232
3.8245214003613572,1.6728792240024388
3.9139407888310718,1.4970862491431387
4.659079641154039,2.5584243424590185
2.0834224403023405,0.7245595928764842
1.753684522568629,0.6253826480320182
2.2255122623479027,0.9866151005441046
3.653609120568169,1.4888615404765593
3.225707561809461,1.3418546850626587
1.9018010298404673,0.6633737438777099
2.8333449341339274,1.0408794284819982
2.864639182927,1.112093749931039
2.9779391666272654,1.0813319080701858
1.2546332223858954,0.453372273403527
2.9661632695697704,1.1360951485441884
2.164457616570952,1.0007932924408407
3.0909276942453623,1.266425984110894
1.9481555447381458,0.7495069973151217
3.6823433395698597,1.8227435080890666
4.356796323333713,2.082929669633736
4.046759707309402,1.87944091745328
2.660161788867652,1.004910442524696
2.8830269335940306,1.084644503585829
5.331031926732582,2.101487868321937
2.234801805618052,1.0264344415458964
5.147864584806053,2.7918924426675336
2.5287488967943608,0.961022711705927
5.494557902909311,2.7339029511392385
4.100430072142679,2.0230641377367427
2.472868735814951,1.071382161767891
3.165065989593724,1.2883085165381096
1.9936749237527276,0.7449342250512936
3.1357284382179236,1.2791608171690552
5.268280415755925,2.834621707999037
4.574003998629012,2.158743312844236
5.014752513260797,2.104382591635154
4.444117025851732,2.143842831360728
7.651198868517097,3.8523084726218078
4.520288019803911,2.3864334918491727
1.327670926847273,0.5132719911576579
2.5836691418197946,1.4399400975850964
3.262927065900789,1.550383354052399
3.629051948704241,1.4412715087970325
2.8509167647300258,1.239184378480775
5.558662543665593,2.6055984202542737
3.82882695210771,1.1952836003726817
4.803124395363684,1.8700798841587585
4.1722265355983055,1.6464961727498693
4.037031438720435,1.6363212278012977
2.569666239732534,1.1900490948921225
7.816582828566165,4.0258077031008055
3.64790574373681,1.49350945414097
2.6572240650273216,1.1225797053633226
6.291385410508838,2.8818645690005606
5.17997942272412,2.7321469039717345
1.8617340496943637,0.7837350847514937
6.005868686769453,2.739922772739374
1.5711881110781167,0.5683395552775835
1.0842448062977703,0.3438192646198587
3.657815113828656,1.368861795622165
3.1946352446477255,1.3448223484798774
2.320710393171371,0.6926461713846603
2.327478740180977,0.8571431148661319
1.893211677305671,0.7661343807701175
1.6799284317711844,0.5572132418948325
5.428486956630035,2.458582337608859
2.9041315376678,1.1310018805959943
2.463135932529827,1.0647263461809091
2.809510715998939,1.4432991866033902
2.668463143172098,0.9395424133186889
2.707496133166376,1.380701096120628
2.603772673477933,1.034904385833958
6.488737842298319,3.283048104085523
3.092092497003639,1.0743299460360092
2.853623347863487,1.1862003900835885
3.8412221504992865,1.4790645486739356
3.1365362805251378,1.2453195151832608
4.576248855381191,2.3586193382590803
1.8252117731301865,0.7938934784969645
1.8756893519293294,0.6617185190205969
3.3065819035128845,1.4863567233969297
3.000460677586951,1.4407081190385995
4.364591249889978,1.9325575284245269
6.331792253977973,2.566916113473178
4.903071395641931,2.0302463801423682
4.122513804776234,2.1730638628508867
2.029687573297156,0.8886110579455971
4.46028938016946,1.850669987960477
5.202173211583915,2.1984023837516258
6.835725992130498,3.3853091884480784
5.76932180595897,3.2264352997432426
5.118181602474619,2.3381627763779953
4.039417343030614,1.62380778482159
3.857999249809109,1.811475220227327
9.443015536872899,4.894874487702575
3.0727361113038505,1.5002517206188541
2.3510090120178666,0.7723316582213231
2.8189417465112836,1.1355060757848587
2.733039389469789,1.1948676989048788
1.8837379238476513,0.5941137971933966
5.435413296169807,2.696324314866468
3.5837849284877326,1.275445833625362
1.8652262272746831,0.7924161844033045
2.867051949558787,1.6098246999282928
2.2820572308809095,0.8726926353535971
7.616310949355356,4.1504165348782385
3.068938632397441,1.1774720111243444
3.3858366362803256,1.7872380645331982
1.441275142714744,0.4765412908903737
6.483582337676549,3.555547078395451
1.9338288552511171,0.7934075717964663
3.463347870195781,1.561789989861587
2.1369983145413416,0.7197476396669709
5.709395660710676,2.494208367578529
1.455310874329437,0.5641099870748774
2.7288451022014266,1.0702303505414217
1.8533588177547238,0.5823649722038386
2.600117570787866,0.8911547783624046
3.3544434169934485,0.9698370619134743
1.158834197296296,0.38275018711168934
4.118475804706446,1.5582089859666948
2.9652080177544664,1.3441155492468089
1.622328059926468,0.5393986317942465
2.907468767166888,1.1473819587276899
2.1847529241665558,0.8178323201058295
1.6318971432149145,0.6069267887353464
2.7203960274077557,0.9080881320302877
1.6387122019535159,0.5720980462362568
3.7154091194113517,1.8577323162010642
3.5987391653813323,1.9924208524997369
6.8513545821212105,2.565612451443
4.835113507810236,2.3247956146208173
2.364449553743089,0.7106447408035645
4.328395779668039,2.082047718157684
1.6158293397425225,0.5610518683604958
6.103342369157103,3.091290908347795
1.9895383959311848,0.6771017550241355
2.466687223351418,0.9263728575356431
6.002334274230199,2.238727510738216
4.5604684663999535,2.0749934249833926
2.559388325627383,0.8254478081792935
2.5541333609070165,0.8707723435197161
4.4314985583802375,2.174828080154226
3.123611002377646,1.2165403842636957
4.6109568806860315,1.760489264754824
3.409747138170238,1.0702178764385208
3.1973428751802144,1.335230968484329
3.073812022295841,1.5137292251267296
3.8508864506459117,1.3605235460365441
2.1908573375034868,0.8306863818498891
1.2639304854620947,0.42197230640437616
2.834349513765179,0.9284569264706558
5.122136304848036,2.460477897242218
4.255429541725983,1.7687125152412901
2.4248400803333703,0.8356811176850798
3.5298636804159105,1.4639194584922728
1.5898071678690233,0.639433906690422
2.492687374993485,0.8645571400051697
1.9426457747798085,0.7925925257008248
2.8103159833866806,0.964885176000079
3.4635567702491143,1.421339034515657
3.70433859153679,1.3837900715932672
9.061511955826743,5.09509608718878
3.7761698137146515,2.029045061962597
2.593619780487309,1.1111664322351205
2.5818194012808253,1.0649291042953553
4.164613788727176,1.46668025533066
2.747540087416877,1.0613394037961472
3.06065903055838,1.1135852092321676
6.519878619501261,3.2209555257454343
1.7617339823519156,0.6863879474291273
2.900673470399809,1.463425080212895
4.410906856349808,2.054434965190794
3.2766882460101763,1.1338464244192523
4.989682025907161,2.532588720395246
8.20282609145464,3.5687216105425783
3.712230624337315,1.559659938993517
4.07003070646431,1.6661295026428962
4.247594681694845,1.8971448314235748
3.8750031437750527,1.6599322531511687
4.69326503921467,2.0142814908017224
3.9463419455765516,2.1166848513809056
2.7253596169226357,1.0885844949681105
3.462222318849359,1.4340422880183399
1.6473557222331041,0.5809855057248089
1.832406236247472,0.70796780951776
7.920949437791203,4.420681477871763
1.7331484997777855,0.6718388693930796
2.8159802140343997,1.025956553521822
1.6994632937437808,0.7118258187614985
4.806752058822462,2.3471385226660315
2.655450214503773,1.072404783197186
2.3889319852973396,0.8765208929170984
6.247678109324558,2.7960399683618635
4.164371784682294,1.7968306126859832
1.8504331298879673,0.6785228181187543
2.284573168732429,1.0896269553691813
2.4472096531139678,1.0177246032173122
2.8857003205589153,0.9846301534753417
3.804603032119587,1.6290095166181284
2.0943666465596547,0.8535360892974984
4.756178047026616,2.327062787554871
5.461315402090003,2.7787772725752427
5.076963281543525,2.638445163957947
2.912943235423655,1.1005916697873728
2.087220121574635,0.8838052326474873
4.975502208983949,2.5926930544980116
3.545393967984463,1.8038761972180415
1.8769773765217506,0.5880857807906313
5.06984652674967,2.180045504743815
2.8692876001430734,1.148022691837213
6.142631679478617,2.6733902302554466
3.0664832870736434,1.5183833698863556
3.3920893540330663,1.4755426772191742
2.174760231708799,0.800275906050494
2.267264288695137,0.6906397777775423
1.7130327556551856,0.5356851752851575
1.8001615394757766,0.6361078007718604
2.652520079449149,1.2048695869257373
4.09837808596373,2.0358998487393927
4.731381153000935,2.1998453613910818
2.3629171916260643,0.7995369002347611
4.099877847273367,1.65864977197217
2.978375329709386,1.3802693575593865
5.647892676411169,2.847444742712172
4.07602321794883,1.9366857037316574
3.1470865031273894,1.4599031880103308
7.843271995709082,5.189623519886615
3.3167399401688256,1.6284668648206857
5.267850335855654,2.649640805574805
3.505602124407589,1.720429310429169
1.3976914481726617,0.4676707791388221
1.7641078718501535,0.7113040786754519
3.076109522184379,1.2913097475817867
4.749416106375543,2.398639719780604
3.8844457212308443,1.7422753117235834
2.3627310851704557,0.9539106027099256
1.6267522760283697,0.5496288880893515
3.765935604046243,1.5216071944073397
2.880555069083494,1.128733614439617
2.325997376530902,1.0129665715939973
3.3655421715477822,1.416922567791042
5.181802891022577,3.3666050140423995
5.156363339916599,2.525207868769065
3.1462025262496383,1.1813386926628124
2.37031370058342,0.809486034175927
3.146193830969913,1.313002660820267
3.7088213982628475,1.695360019204199
4.980888524837432,2.4648968162580775
3.629672705725856,1.4533320169599564
2.0335175917066035,0.6952615437142293
4.317599117315523,2.119727778426128
7.785782830828117,3.3565565115079923
6.4629746925212315,2.3883837334423816
2.777197378998477,1.1537418625321838
3.8556455524673208,1.5223983770558356
6.069076943843279,3.0143725579489997
4.073211113972722,1.8481895017181784
2.6050987244296477,1.0419079496878145
4.959406453439456,3.1897573127376657
3.586901493732361,1.451944393248733
4.193523187163509,1.335980572450332
3.4391503861314465,1.6454314224266033
2.0088915120510835,0.7491627024590513
1.759932081357561,0.5833993554734661
2.0850192421415192,0.751652103939548
3.9618702264757215,2.1226984191299576
8.397954533115088,4.490830102140805
3.787533768210912,1.8258298009618024
2.8119323918022676,1.071634903374643
3.455481534107078,1.5989538626085085
4.497893143802237,1.8884788155074708
3.3572435668033718,1.2258051723136378
2.8618432776847818,1.046303589671158
3.7899623410554266,1.62015629319694
5.202076451745842,2.3866602050164842
3.235387813943837,1.737420164612991
2.9758503768597264,1.3478447439118872
5.167660902502592,2.9283568483561675
3.4313033767480148,1.5328979158385603
5.864827904994092,2.9817657533316613
5.264768560610421,2.6180333271908673
4.319897908025916,2.2514461533535504
3.5650025220949066,1.6262808992244875
2.7930568803035425,1.0224927426385757
5.222635517606383,2.5255724807406414
1.7237849235551275,0.6281140858983918
4.845059734909508,2.6319652450696367
4.043230724465039,1.8989850760953537
2.677249298075146,0.9424101870764094
3.735911617874523,1.856825378496783
1.476931249562258,0.5156314848387193
1.9243055544060594,0.5004204428923206
4.353072466586074,2.0129462725771754
3.6820785468266615,1.6781654232921117
3.566661289811092,1.081114738552976
2.6155110701676856,1.092747894448366
3.2602809470912786,1.1576924338977073
1.8061110871927157,0.6049486299328599
3.1707424224001053,1.1666903396833417
3.059671989955425,1.2301684874990488
4.129844988276041,1.6911637040152672
2.849252292101404,1.3043541002872159
1.7601031116973291,0.6465380836084345
3.3701079519367707,1.2101161427465346
4.559350521076792,1.8327774916167494
3.2346973519419078,1.4087408746640981
1.9898776734982773,0.6801544455872625
5.19002456852734,2.4991228026161942
1.488123642741456,0.49169477860321686
3.9121767880272937,1.6522272457598661
3.634539563173064,1.4899800709300537
6.107424745272245,3.146714978846265
2.611911000248093,0.9112350997078824
3.1085908492199796,1.4436896727187944
1.8659810219441513,0.7058245424553466
3.1851350504219664,1.1163876284940801
2.5122682299103105,1.1155670239306343
2.3122665234151754,0.8866937904996617
1.4966637588124097,0.43414301411232914
6.601877779289685,2.744769890027111
2.3780370625500793,0.8963051577261902
3.097314064010538,1.238415783886619
4.627506674304409,1.6420675122101953
4.69468134602654,1.969389762944807
3.7369874688757436,1.8291371937458978
4.304461328761678,2.1041882669063394
3.3920036097251147,1.6196333069460978
3.201387920674659,1.2638542189385162
8.404717519630413,4.591368057812581
3.6056358963967523,1.3775285070199872
4.607683866229687,2.305702604299976
2.616029557032227,1.0208243594508777
3.320218803133256,1.470331274600112
2.895315635226091,1.2159177083172548
3.1759550377099153,1.32241585583556
7.129342851210247,4.117296560735499
5.560836648622894,2.2676362524042046
3.320546195170822,1.1993946348824085
1.9543891729592215,0.7043360569950098
3.933424757883868,1.4567196091046628
4.8918207858491005,2.139413599905712
10.186812819028141,5.32522703924995
1.99284564410527,0.6980044896923718
3.6413792722695524,1.6649474188886524
2.238731154986609,1.1081282015539191
5.50838533302013,2.79653365311456
4.722948689415748,2.153904913190257
3.2647262907580212,1.0309966638066972
3.1087643795086684,1.3824342275823196
2.9103662392037677,0.9419428998838781
3.593694840076937,1.3457177928342672
3.967402721870059,1.4240262725138917
2.702805123079558,0.80271987996221
3.928264662480376,1.9047865381422349
10.165041765429281,5.958659576323011
5.726938027253013,3.0509912976344435
4.236067607389945,2.1699619752017836
2.6879950101863646,1.0447317165299066
4.076835635647564,1.8722074259980803
4.689807192938015,1.7490055106975282
2.448949838249182,1.1379885961689746
3.4716930313024275,1.6185372159855043
3.1508441128875453,1.5685308694517481
3.938322938172087,1.782173570022314
2.800041084281102,1.4943392396335655
2.212578941513379,0.8211686435455335
2.168550671996372,0.9724789259329087
3.689782494106631,1.6473185854778247
5.373949833254287,2.8775959383981857
4.6147330542697915,1.95856767130587
4.401848801885826,1.9878515717226364
2.0295676303198262,0.7230426384187255
4.118116441845276,1.822051953262271
3.8977413847311357,1.55670348040951
4.278187669935193,2.1302597304375914
1.6993114667886249,0.6124186197826381
5.658910201904105,2.370990536882469
5.684046767531591,2.998016731043449
1.656603069197475,0.576463298945971
2.948119202141091,1.1567945637307095
2.5336448828759917,1.037853089004935
4.933529077783694,2.2595951128130736
4.141646869308914,1.7902896167659055
4.482883181937326,2.1550154480449883
1.6252646805344826,0.522424480755914
2.3721783641102454,0.9100850656321737
1.8725573797584152,0.617164601471538
5.69522802820307,2.4081234987734073
3.280412342712107,1.4677152955486534
4.38587877086052,2.3184955473184963
9.820732267374462,6.450040309562691
5.445437257151984,2.679433551547825
3.7301907886642445,1.3246873077747094
3.808583202878131,1.8348358847929822
3.8871500824412535,1.554874594059138
2.8927563087605037,1.3605242483985518
4.913721626895976,2.651151707809752
1.8085724936695107,0.6597304837587219
7.250914386572339,4.412304162012777
2.3913589989407873,0.8819204035120647
3.5627246223145814,1.6577746538329277
3.2782076469410044,1.2018691723350847
3.536013046011285,1.3834560639703943
5.362418184448032,2.638098358590825
1.0267430156514255,0.33136102850212507
3.8822189181010076,1.8144396614935094
3.6249249767488716,1.932641006524786
3.7863961872939678,1.6819125401321287
2.8155143597443213,1.4169819577889267
4.349006376372818,2.1893984919870717
2.7634152407500423,1.0531451123447422
4.31274708054633,1.567608098194524
1.709713635948297,0.592676560199028
3.2644625061123254,1.3996685905364432
3.239923483996888,1.0482736426654085
8.776214902319435,5.20066343611285
3.7174178660139336,1.6998606468725075
2.393099634564814,1.0373024317790924
2.145847090045257,1.021967645828415
2.119314684231223,0.8090835649354043
2.859172243091917,1.0438510939932821
3.2071236382528965,1.2405987700925818
2.1525238790774663,0.8554097478253455
1.797961021291802,0.6022657111993801
1.9785473758832168,0.724692320593308
2.6771285133164504,1.0160012658200965
2.553800703069203,1.0642717519449447
2.1290859921977083,0.8781872766006532
2.5444433506490265,0.9366190911559986
4.199001625013942,1.6608355537670119
2.318720033651886,0.9312464662057556
3.2279649660430905,1.3300435494189933
2.6374803661348656,0.9590176396239549
2.390592082177288,0.9502724078760523
5.800922857404154,2.97275583942777
6.195952090388731,3.1474742298340184
2.922495655935986,1.2760998476188326
2.241813583838862,0.7429531896596115
5.498082258687928,2.4804940172187946
1.8338907901891068,0.6309028899101914
3.0717014305892723,1.10058828346913
3.412499733280096,1.4103244104084378
3.6074305060022267,1.5312844032668276
4.20145721332209,1.776718408091734
2.791547370458984,0.8753375345539097
2.934836566053994,1.3784778828749182
4.384448004503438,2.420144057142095
3.2657491792867,1.043136468164488
4.319990121667658,1.8966926924319605
3.813784727428795,1.478989826625947
4.694591582595696,2.3659710465924815
5.546375244000096,2.4087458362502283
1.6789481198168135,0.5712411515669166
4.59144096369421,1.9268160405707446
2.37211068768793,0.8339727011921161
5.068819635636826,3.121971772972605
2.691305712294662,0.9218912175413839
3.241450452638085,1.2823053937098476
2.644300020976105,1.064058755609656
3.283411324946676,1.4368160302193536
2.079186469617876,0.7466988733437077
2.616782721288696,0.9937638919247685
5.810147832619298,3.7459597929881854
2.094562059614838,0.8360706871668926
2.988478605678275,1.229132075268695
2.423550464553457,1.0616572323779916
5.8203940463819634,3.0890505657921405
1.0837727375015476,0.36674468116522035
4.8501239353641195,2.2686011924835285
2.3739784575561043,0.9714752964853102
3.0309427809507468,1.3183463685298096
4.9985088754528295,2.3230273824083723
2.0123812916166584,0.7506160490175621
1.5091246821014266,0.5424669502550136
3.257722100575653,1.3967639887453314
1.506155590275902,0.47842110110524766
2.188857030632907,0.8096233120834355
3.713990897697377,1.6473226965946495
2.3291139414964213,0.8994402747534316
2.0276084820128277,0.7661124951412971
6.2473351711782925,3.181061042837027
1.6035340481655271,0.51919471998198
2.4958528219524556,1.0627743678321147
3.6191461313945092,1.7048150515533675
4.111514341617895,1.8949436719484847
2.990390727720491,1.4096577117995248
4.588612813806328,1.6366265327108502
5.732092763428497,2.959612204269195
3.220238431727837,1.5081015460248168
2.640146538201834,1.0760012012870162
1.5579745554660702,0.6028079163382797
3.6731113802503352,1.554688530836735
5.3679842243985485,2.1671425018310986
1.5840131436079672,0.6372306018617782
4.0674157381813405,1.8109405987025005
3.626958015681809,1.462649376731357
1.8692037543171085,0.7891954894490932
1.4762289801725954,0.44797358870848136
3.198054594218932,1.26212662903769
6.263354822739183,3.1053752062916877
3.476492405490048,1.6850189592262872
4.040901942165997,1.975786328817342
2.568685709126223,1.0561963704255959
6.051775606802384,2.9941469925102444
4.448395505738054,2.107685917920003
5.085632405399646,2.2252474085494334
2.4117688006909512,1.1201788880729087
3.126166873818117,1.3568499058374641
1.3388962018683728,0.43830057217297463
7.532233056261605,3.9231511093008864
2.525259498609755,0.9268805538118956
2.7599788062286,1.3622631420306042
7.138797873117925,3.7619329597761566
4.014599433553138,2.2062490647260087
3.5756145911494217,1.3914413866012967
1.6739852628252003,0.4184733094241963
2.2819574254128208,0.7673312256157367
3.7778153080239165,1.66300525386923
4.181710302646777,2.003371863427326
4.630323424124572,1.9563161001370613
1.9899885345505273,0.5269422319938176
3.111746941347869,1.3844132058954504
1.9388019389913147,0.6183723042640163
3.6414877107774277,1.580166614355828
4.5526447244473145,1.6304756550850472
4.529467442591745,1.7445238656397117
3.600092362377538,1.5370223110182046
2.1384082951485475,0.818797816783397
3.3900157866415723,1.4186915423028
5.21087332676761,2.5284319276609617
3.869398466213423,1.5892603464119839
2.5121840109412625,0.9705784353194653
2.9872996058767805,1.3101662751159162
3.687470772964523,1.4685025975009156
5.591733380544784,2.2675831792434096
9.115672334119425,4.414090177978018
5.124103086924657,2.8564252550607625
3.2397439669469428,1.3130416270802332
4.249480902505939,1.8265943010799324
2.9047298441266665,1.3832512939573671
2.668774706896574,0.8918897372692439
1.8322188952509828,0.6869727217029722
2.2536884403276223,0.9285152641357768
3.3740598194084015,1.3527023006962433
4.1724337590353215,1.4859511652093982
3.4310039426292747,1.371919412607885
2.801371024432343,1.1665710252053176
3.764479625691572,1.752976425699069
3.1586736562111453,1.1020275053966602
5.859467073342318,2.916123640191004
2.1201254686390176,0.9205108508005709
2.4201090564179237,0.9039173986893554
2.346476128043004,0.9934531917413963
3.0612182195069484,1.6436677986828563
2.9042330825448204,1.3280410872778108
3.873040084769383,1.3401185493160432
3.3799434642690116,1.3147935340966066
5.00494385677886,2.1848923954319237
1.5049314356848114,0.5946517165377411
2.460135272329064,0.9545361036830542
1.8430270174669423,0.7219046182983875
2.6771396362766477,0.9686071433220669
2.3898792751615403,0.9330736572514513
4.893558538101097,1.9478112213637762
2.4296374722205156,0.8782306996650859
5.382391176600722,2.654960257911764
1.9178233383996572,0.6859487530822224
4.672620873964038,2.0704720241049097
2.1636498727597293,0.7921601704796508
4.4407899510679405,2.3518918187010556
3.777566617015261,1.8232554046772727
5.800276866230889,3.3949463870974386
5.481793489515922,2.888916464370767
5.520755671322397,2.0962849171012805
3.3593449179526917,1.3889213999452958
1.4958669856189293,0.5030274651640482
2.4544974301815135,1.02113058058016
5.006758693164992,2.21030005333651
2.811581100591403,0.990038739745637
1.8586409089482236,0.6881152035765858
4.05586464961554,1.6311749477546529
2.4251982613658325,0.9954099688503807
2.9962164706656544,1.3425552635947766
2.5859807633907397,0.8735192618706032
2.2888628060441225,0.7985436067108453
4.0512305992074875,1.7592248310026946
3.219398743977329,1.1596902739258235
3.4147137410518087,1.5961930638157493
6.182106870542486,3.1327854663991768
4.635398353434821,2.2451382589395696
5.245314246040064,2.7934447638754927
3.2211613471589766,1.0384922880220775
4.520792244137837,2.343139483945314
8.080969560112708,4.94724613029515
1.846657150008962,0.8079085317573558
2.922697578370223,1.0995346828770398
2.160563446862529,0.876347093362235
4.638644876089388,2.43401011110014
8.092382115486616,3.0577036976300542
4.828782034010288,2.038671765488873
2.0447366180877147,0.7851040139383844
4.312890778838284,1.98579776074176
1.8770548366575697,0.709062908582748
1.7231782302367826,0.640946466443357
2.9633551490964676,1.074703031196203
1.8189203487345018,0.5433515287996513
5.1360387271241725,2.232967297731916
1.484355836977998,0.5400295231156811
2.2322299278922006,0.8117002207368
3.472124720248406,1.9075249169239998
4.187923027027106,1.7758718463000909
1.0102732172683224,0.3508651280978531
3.236522669161782,1.3874044917018102
2.579267232441677,1.057089837678514
2.581370482053268,1.195759020478319
1.5079424067453797,0.5630802082175019
1.9148667734087026,0.8115541128709095
1.788914549357244,0.6582620570852613
5.183063159532151,1.8181317877605105
3.001714648092016,1.3190941476826266
5.04348406214716,2.2912105450823255
3.0591254364268083,1.4635023185604101
3.758575642205299,1.6993920622111642
2.199548443101796,0.9278847567406825
1.4041578063753322,0.4446620166182908
2.7248067206899185,1.1413423368695748
3.0376889820151725,1.4066767009112573
7.107458324089712,3.4013895744732783
6.04932850164786,3.2121454841089285
3.8214736564283567,1.6147892996220123
6.558323493300831,3.437203461830644
1.7180455137954498,0.5575198021859014
3.11245289213566,1.2144076110551352
3.491309772030122,1.758483699993438
2.3389008670317644,0.9333691147375023
4.6251402197562985,1.883392374720381
3.814158751269898,1.5752544490701041
2.3808892228218785,0.9645779459541113
3.6855004078015265,1.9627305826689645
4.6166913145637665,2.017592633528895
3.188326078647936,1.4580856981214474
3.7767368801401284,1.3761026439146185
1.8921468349643178,0.7740399035696124
2.664703385071859,0.9836346028143957
5.395737860226522,2.6509977102798286
1.692317676292482,0.5982953728670117
1.9799911740760974,0.749260325451183
6.727327088085867,3.9061317384840826
2.2535717297689954,0.9022295213003461
5.292493535027594,2.4595764161314104
3.2567071936034475,1.5900977309332125
2.4808272345077196,0.9313575478531179
2.0904353325592298,0.7024771636805309
2.2141752246768025,0.700468601316155
2.7569906858754663,0.8936093472142098
3.5919088775613424,1.7005712193628055
5.602986754560726,2.189482120634891
3.3410368354966717,1.5398897664226106
4.336711659610462,2.112205976672849
3.7827475253619456,2.0284645328446533
3.317721706273992,1.2854250348598095
2.2886535332074818,0.9407930842397614
4.280830530038383,1.6532621129765128
1.72712008342792,0.4630562985248325
1.3628188521132631,0.5004162321990883
3.6253789507891057,1.4142484822835013
2.80203225884107,1.120027571134992
2.270857921162654,0.7483052046464952
6.114009958001151,3.2302333391608093
1.320667949761892,0.5583095864133054
4.439963225440693,1.776003879289184
5.658072792796089,2.4803805567527557
1.667588893968901,0.6649612519766944
7.40674244220009,3.747213329479882
2.9982237598705987,1.653848360592567
3.3715686809048044,1.2816964801031374
4.670666756590812,2.402457102196165
4.338622963442579,2.2775981681623416
3.3959537852869355,1.4412971564897181
2.6322338135779213,1.2413175632151991
6.783885731691461,4.048260792123249
4.645344417303605,2.0309451482095633
2.567094580664273,0.8453387770538051
5.3867954781742,2.26619646471464
1.677423673571639,0.6467209978265336
2.7242680354747084,1.2570958820008968
2.332272127959004,1.0156060004844774
1.7793672998740473,0.6303371062354295
3.2489986010678327,1.2265720726712144
1.9574110662605846,0.6809030014702847
3.589382801203553,1.9555842815166138
3.182291770855203,1.3265661640104032
3.445499839275697,1.2314273385908265
2.761722725056754,1.2387367201807165
3.221048903211349,1.197907944322493
4.486274610723122,1.9470746853110716
4.684748579078941,2.1646429046422075
3.8877624357725873,1.422035147310891
2.4931042925292193,0.924538845182086
2.6149677901251605,0.8569683129180027
1.7290226955280061,0.6909008039257329
2.7656700890085815,0.9531163431349807
3.2058067002402044,1.077599583722634
3.9965701865069354,1.6089404867709773
6.538339477224161,2.8059558591736873
4.410558583351411,1.8726631613132871
2.563230735120264,1.1030928313682034
1.760397700370074,0.6942193172150606
3.7110735017231313,1.7049934290059388
5.113757836169933,1.9344937064852858
3.9321417017585225,1.8299133081071985
1.4581643120704553,0.5012483421811952
1.4686443201058976,0.5417549813546373
3.866340198807825,1.3650919854122259
2.97684542844751,1.3547814771466526
5.859202576813097,2.8296458077691775
1.405187984738409,0.40333101544801464
3.3054249355200698,1.049942454439067
2.02226049314498,0.7338328006466582
3.9407170573759913,1.8024335601221975
1.3937544211951702,0.4851603810576025
2.1857833830738693,0.8999806026790228
3.6898275048203746,1.9818817257356522
1.9988131551265713,0.8784742390021288
6.410201700433383,3.5380066793827902
4.935752999567188,2.1902762462612078
1.9700241911815692,0.7321622713267668
1.9007732937633812,0.8472880101698619
2.834364730650756,1.1180419695335846
1.9299983507005982,0.6414095320970524
8.011931420558462,3.694227476039954
1.966531363455534,0.7427136041027497
2.284459992885784,0.6962404951179053
7.987610512860871,4.127162704927126
3.6711900959120114,1.7487953076674632
3.7587417702952353,1.7234200239508075
3.132206620054834,1.3565348349855062
3.5700156714648412,1.747267855645584
2.47414127422339,0.9543568589424333
3.3856235262846184,1.6768758709972014
2.5855062472038624,0.9023556566920321
3.378336875690357,1.451424475787224
2.6988246816857107,0.9281713173113791
1.58777216933286,0.5216844185782421
3.445187069694862,1.4202706888698946
3.0135823962652895,1.1282979570767155
3.1032737863888364,1.3739258861530335
5.20026504719586,2.499908782884703
3.0118088271454875,0.9154638642495673
6.674448150369862,3.6400114277862303
2.2033367706561835,0.7391827399799438
3.213660670605629,1.1596958416522056
3.4541171197212073,1.3623415022956034
3.992632175780603,1.952419090997692
3.0254860634731537,1.1836905909966287
3.5839675457029463,1.7874932224200948
4.783879173592438,1.8882872225375806
1.5445805610731993,0.5435869031090289
2.308160178773101,0.9008986401935763
2.8813200190545505,1.318092264442893
2.2413190445019673,0.7307241475219619
4.202513319097429,2.0247683988585896
3.966302686668438,1.6099909050870833
7.8426445854810405,4.182049662978869
2.719241166279499,1.1604570396733604
1.9648553310759738,0.8154642590251935
2.734708023361032,0.962129771763904
3.7618160859946617,2.0024244720407345
5.923499893425813,2.812247733915827
4.3736011814275235,1.9792461073531935
3.7895452657587203,1.9147445716150457
1.90783490129352,0.685880595724209
2.5690135605813635,0.9966384779175588
3.0074809249226107,1.4353806365588098
2.7741554795025714,1.046931896710752
1.3305916063380583,0.44312537649007444
3.597662858367261,1.1117335500259606
3.1901658654986544,1.5541453706693766
3.5503529219189414,1.838998772402773
3.6185641329126175,1.7728806006156976
5.048743893847757,1.9115080230150892
3.362268106069834,1.4804785035299393
3.2454598536963553,1.3025945017642337
3.28067372984244,1.332290941926471
2.926915847139541,0.929926762020872
3.976154531018998,2.079612742539663
1.794975326761363,0.6720422909227989
3.798047326995424,1.3059716970814328
1.3273586239295088,0.35383029547120987
2.3996591369922884,0.8332072490537284
2.360709776868144,0.9195387267673756
2.616349840777697,1.0811799714041157
2.4666033674749666,0.9207658863830881
1.7917527575968717,0.6507488148028432
3.4006149260053147,1.2762994949577628
1.6869864614600851,0.6171455043964666
2.9077207960861498,1.1311808249190456
2.8040448320874374,1.24396243079258
3.75630438669657,1.6561914183454611
1.8256944903027796,0.739362715208583
2.737823344920661,1.042231221496439
5.896156911684075,2.3263812491400824
8.45545533974027,5.517218283897133
2.195768334877685,0.7854271955854327
3.3348537466405515,1.5395053638162264
1.3187929731112962,0.4594178528458105
4.491753363964415,2.0653239952917195
2.548483703763179,0.9382561205110598
3.9915559041665425,1.8038312330832458
4.428185631073785,2.0095572877260754
4.092186807548521,1.844068456427964
3.3377636051700676,1.495711023571584
3.0641460288519937,1.3415987700943632
2.554470406540083,1.1528614844366587
5.256542926531535,2.381361782499942
7.086813445993705,2.8759849897071414
2.2609798945959194,1.0993561389143547
4.9823453323876485,2.6018010653613137
3.8884456599014223,1.4417521501219377
2.885042878954204,1.1502643315327825
4.459222838783809,1.74266696613845
4.919780865553545,2.278590211696372
3.602051347242879,1.4101427265665578
7.667544530215165,4.201330668190839
2.9753850769531662,1.440065420480503
3.061119968428697,1.100800567636341
7.238449840877075,4.1449816307540726
3.294032638537983,1.3730831245017336
5.059349604434905,2.7060352303862
4.314713700410776,1.9699469045590903
2.633867074680642,1.1888205260238986
4.825549961956412,2.227106438511528
6.398526432225804,3.7889226464708994
5.809665778953242,2.2243883204537345
4.278862078533564,1.7000899045203968
1.4113565883895118,0.5334297380273184
2.968863502581808,0.9337233863270823
2.4016043664599125,1.1565973942732202
2.4682869092338913,1.2168010216294052
3.0707010882340198,1.4039485864448613
3.1937610285136557,1.3619838689578068
1.8759746659738599,0.8100036685056059
4.53103479748988,2.0427193229185563
5.187880810384951,2.885012926320157
5.3361009243397515,2.974070176791041
3.4778860559140616,1.4177711809672517
2.122133324391142,0.6989487866178941
4.627201360533511,1.5565092833514378
3.4089781655281186,1.524711375949457
3.2880397959275105,1.2331734443945312
2.776094054579805,1.0692281102392667
2.1966467608605487,0.7626056827984711
3.988177863512602,1.8883227319274165
2.691976518156237,1.0422460579001855
3.766932779534088,1.6107352909427675
2.102504339721337,0.7979007232545161
5.717947235107003,2.6991203832111736
5.655248290166744,2.9144586487662303
5.406889546467668,2.8678801592879735
2.457646297990266,1.0614337624041048
7.766339793035658,2.9845781463314327
3.8527816848792407,1.8545565710971181
1.4559361206705879,0.5234549606423443
2.532253376320766,1.4155719077195599
2.97951594815012,1.0975677355869307
2.327182359460562,1.01690830292046
3.025214906619696,1.5207437127291288
6.936525928587047,3.0851077078200473
2.846778519196163,1.1804572679055374
3.7844791006762395,2.056846411968789
2.1995989247936576,0.6846099060478216
2.3372765557436264,0.958895385159857
3.474455288525633,1.5457024185242358
5.55064295304835,3.2087764635924065
2.2033133020768396,0.7789648394267167
3.15892947048306,1.4335308963405657
4.724335779244922,2.2619816646706123
1.9597516776523056,0.8601235564073019
2.1509601423040134,0.8973015854853239
3.375519232742459,1.3051817956471419
6.492564900396251,3.3768248294080325
2.2502926625940853,0.8479628694231371
5.176763027938297,2.7109709652687424
3.3212265317538794,1.3500153264971562
3.681953284272362,1.6187566829649176
5.038882073277226,2.4176161377011147
2.9834550097905685,1.1923925833557028
2.9109334167061376,1.0485319231926353
2.454590842078333,1.2106981540620274
3.2602564477376963,1.4564363992066947
3.240287923567092,1.1931203739541736
2.8668352243080215,1.1546371063465861
3.17498822107989,1.399547201942429
4.18463664774762,1.855016366793208
1.9403312191402189,0.7892655800908395
2.269806998591405,0.9072947955896482
1.878813798849487,0.7927679939904487
2.760667514448407,1.283942797551496
2.1482471143247306,0.8674240684396917
4.853922620140644,2.276110305703436
3.6764700055541284,1.88088300847529
1.3431221626713001,0.4859648084026799
2.5487644206022617,0.9533985978550578
2.1942817542050213,0.6581257731271437
5.559904802739768,3.076945841529855
2.1280597931567184,1.0362824535294695
4.669768699182378,2.0772277196833775
4.803791491980551,2.2810342747301866
3.276119108910927,1.3798050094075194
1.1361917445991916,0.3838592655410427
3.9391512087855247,1.9146571970282324
4.645039411926197,1.708576879218972
4.5570422908632295,2.0300577432149653
1.3218268588497306,0.4770693842235733
1.8315219154131583,0.667766326638328
9.061860612698695,4.346868303870597
3.0621731710331095,1.110160831465135
3.0788715739054426,1.404581159525283
5.63857031476846,2.826877686763408
2.482397208969444,1.0259682518609419
2.361924357407495,0.869588016506769
2.8573625029484218,1.209198942320061
4.155074033662116,2.0058019616798672
6.056647179639673,3.331895478923169
5.278602255596036,2.301216779860126
2.153756726890339,0.8021171765523052
2.677666162129275,0.9954696915988426
1.7167604253032291,0.604458334005342
3.135635718249586,1.5805514061165944
1.9466458843885592,0.6476443434677546
1.6218943115364672,0.5773815190214364
4.010527941179744,2.0612420037526378
2.7603396634942587,1.4739961072171193
2.1034019064349643,0.728418223283549
3.73396931954154,1.5168602907148765
3.209446307145898,1.7130816435983685
3.0240600614068067,1.4109494284925614
1.6930931063285386,0.6929442749076136
3.069542258110623,1.1307072412042551
1.5630917376287865,0.5711081650727089
5.912004158940674,2.8845270292626655
2.9151525599976367,1.2796402473621942
1.7161087611239976,0.6283102582288299
3.1138703402300667,1.207046503361664
3.4017594783050447,1.6106926903231087
4.884602049389818,2.227332652383059
3.5422632182064753,1.513343091535658
7.490477448042739,3.199028442238671
5.757501748182434,2.9241752092238493
4.993171434339144,2.0070268406384666
3.9070364728336733,1.8477333587226328
2.923390965516233,1.2435454841429143
3.550594314136844,1.5586502287782227
3.0461807013639515,1.1186275452836967
7.330153486274563,3.697077608132106
5.591888204588006,2.7561008188782443
1.973789704565554,0.7066250137399968
4.473575998362207,2.2778260821213236
3.0339527709552536,1.208765958824319
3.724301745536704,1.5958085995572153
5.248311222418362,2.8530478563566883
3.3532796582645776,1.323588518410501
5.9420098212392585,3.2188756404692227
3.2883937761408486,1.5895967606461703
1.5863054085308572,0.5892036420710473
2.9603577491323527,1.201334442218897
5.536649964281948,2.781867452231862
4.508652798433811,2.095318176573397
3.147810892371308,1.2662434210621902
2.93304080928181,1.1756710928502585
7.476702812177196,3.8645105425780133
1.7873608798843226,0.7208574607370851
1.8515377920995493,0.7028351934080083
3.6364459968271463,2.1136259308480416
2.0841116158595603,0.7444668717952864
2.8603440181340796,1.0420027542708592
3.9063328512599553,1.5312155913842835
2.9964229222988426,0.9952684707959458
1.6626376501115296,0.5692510845540584
3.7985055625118838,1.8134461576847456
1.028866243681194,0.36214996896125007
2.2809655025204663,0.9777261765437862
3.84100203846503,1.4966584504155163
4.136426907818902,1.652003649493097
3.9920760322596087,1.5661221688732159
4.69644849682582,2.5716703421969753
3.564588778764275,1.4071298387965436
5.034368379862085,2.0317677489876704
4.698945992145374,2.129378664142643
6.367182195356972,3.134817033430191
2.958863630210164,1.0428307322099195
1.8571428260720215,0.7211058536559131
7.14891999435422,3.7166297985148447
4.755425433377226,2.383750299763863
4.340401978987201,1.7344604429403807
4.2569874506896355,1.912080553876224
5.473344333952069,2.244601353248326
2.639471186663597,1.060721233173754
2.4074799986354627,0.7510266362061345
3.6719775478630847,1.690633465022656
4.469445540579698,1.6877134681004913
3.589307266421877,1.211043054172716
3.1322158305979775,1.2672188689130655
3.557112534077519,1.2835025936285103
6.322707067640642,3.0964255324417413
2.725969854701858,1.072780194092202
3.6857578494208396,1.5793636731338205
1.7016199337743432,0.6723789403391504
3.51561106029052,2.117685764396885
2.6187816756737665,0.8938756087737779
1.840395017016393,0.7559980457309516
2.3817912417833598,0.8132423449834798
3.429734770290249,1.1834891758078732
2.887845896729419,1.0518623303357848
3.69901901322627,1.4499119201177786
2.747349283013901,0.8666522885109902
3.1124771153516244,1.2069386458654994
2.73471699262062,0.749748191013661
4.411838531338958,1.7281965788092228
1.9913063619731397,0.8083570934112214
3.333303080311791,1.2311027795210607
2.5718820811852683,1.2676563567900925
7.745610985749525,3.5326281593613813
3.4243419885753346,1.6424566195754455
6.10994489519941,3.4526798402031544
6.087708909019501,3.3389256394748132
5.251797682005552,2.225898905581959
2.5589158488456727,1.046921419766666
4.628884252982459,2.5435153814963565
2.332879599046173,0.9261010167443078
2.538054304010252,1.0103062754963317
2.324914404858802,0.9352651610012626
1.1703205867467896,0.386232312871858
2.433540511012401,1.121293476113777
3.4522057918427533,1.2133811663194358
3.0963165735007694,0.996178790474907
9.175573055322142,5.123299298090509
5.176027074097216,2.4250263817098987
3.314118900724089,1.507636495341148
2.113289341254275,1.0254368995004768
4.408179463258602,1.869145827730218
2.327442657977037,0.8869368849220822
4.743112391940875,2.1606749782822616
4.147586852059734,1.7995092035804463
3.3094601994970674,1.3601935016740245
2.5919431101369956,1.3478234556945627
2.0188457751934403,0.8485508962012086
0.9515588009329439,0.308384124504329
3.354465120157114,1.7580241546355864
1.6679512829635703,0.5821098093227836
4.320994065622136,1.6657024024938039
3.6519612574073537,1.4526016126227603
2.1233633247670936,0.7152928042098168
3.5563130077483955,2.1511920963448783
6.938154059918618,3.3231793419105107
6.404209821198332,2.969435624685391
5.19784161065917,1.8989284939293758
4.178618790950086,1.8475753514657653
2.914047458672666,1.1701397820877397
3.4088059069409575,1.6791106807029033
2.0062623079300845,0.7882809825211259
4.02471782408365,1.8301191905520784
2.3084701389326288,0.8520497678309386
4.500750700849845,2.2421775197423828
4.444259174324491,1.969534524800284
2.7832855283068896,1.452710771140014
1.7381624177369757,0.6079072312226718
1.9901358862718035,0.8118607232794153
1.6198299962111693,0.6358739300721143
4.065839814804966,1.495014071995378
6.672982465128099,4.127021693163931
1.9553338971770735,0.7016403168450425
2.7754182757356123,1.2065286371449615
5.419007978296395,2.3556682404089146
3.1208685446449502,1.3655835804218472
3.8205969932228747,2.1470667762705427
3.9211344639138117,1.324048557385653
1.0534178108262675,0.3554755109317072
1.7618501110796903,0.5531095531796946
4.817192711764298,2.3459165820317915
1.9038042609402333,0.6649023730897309
1.8981491630037568,0.7057287074084458
2.362606670049897,0.7236640911309902
1.7725985112064275,0.5665927034021679
7.071017323862886,3.1482581818399105
11.253478199908256,6.203741574949267
7.360951638850887,3.3093936562140103
2.504825462386922,0.774701873272225
2.3760928072496226,0.9059604834345631
2.6394100683638526,0.8812009739519282
3.482367568253146,1.758437211923263
4.345749953363634,1.7872056025926002
5.402504090184086,2.019206752089575
2.9919771118962935,1.1213342754001798
7.4562602441333725,4.41508466859877
1.7005070251091956,0.5609613216910624
3.2206232214892934,1.1806064067480124
4.187853248918837,1.7027008004748272
2.205802653404901,0.7760562000179444
1.140087383209381,0.3695142826142928
2.4277816893662454,0.8772953829419673
3.128066228244467,1.1917712689086835
2.5340910466743187,1.0061725609951302
4.639770624287026,1.833626510635758
2.8898172673335187,1.053984060151179
4.281554467478249,1.6299995946888206
2.437949798589395,1.0585573110327615
3.766235002081432,1.3155847324626089
1.7998518073947165,0.6542559535688721
3.7042523012542903,1.3882872026540634
3.433867802411312,1.4988173624213232
