AUC_T,Final_T
16.869685176515652,7.7463419058288325
23.826709670344755,12.066667990631181
22.829511130451923,10.50410794464455
17.207362781364445,7.714888690817874
24.25740287874375,10.359663050000032
12.535148887805725,4.810389007429295
29.432747303762774,15.610451920585247
23.93634573497587,11.57258506526072
15.966378905745586,6.715273186194166
16.69376876471266,7.279111826950551
14.140140051027362,5.902831025117542
11.449218353773034,4.105170443254133
16.802529462612256,7.447776006968545
26.15332190797899,12.818276199552786
13.547265528032742,5.214976184469609
18.673778524366355,8.181092113370347
21.255150759170146,9.131882407700456
15.238362999993306,6.61736666072963
15.369746490202072,6.704966764745888
26.18902420495094,12.968973750231468
20.68058242359725,10.012517170682315
17.825201605618034,7.609176985955898
15.62780390427735,6.7544046952723535
26.242725505479605,11.119333988892613
15.43409869520718,6.744285078312304
25.50087855773436,12.942643395590833
12.60998499680257,5.003796669425736
18.17119127575392,8.114970160222878
18.152882068556984,8.281471225508584
15.962517938211224,6.97767269504755
19.150845859785193,8.311216705150256
20.814205897460006,9.347505110506624
13.53945917278805,5.145494560145333
31.595028900419962,15.571962423755597
29.516239976140547,12.633108130946963
21.099803312769506,10.262274040750167
12.438053473190193,4.716580314714739
34.68630188203101,18.832507235768396
17.32127646854331,7.654593700927526
20.24893750571788,8.529997249927035
28.09021951854465,14.555991868246421
12.73257767114033,4.972166702525982
17.311785682112564,6.806737628547053
12.178654955608891,4.362813792563299
19.736706923355605,9.14943071706079
27.07340613170846,14.444105789759876
13.538523164952682,5.044877467416495
12.614070702258687,4.990044765106119
13.946532680146044,5.809490801119811
14.704026615603393,5.530271516062118
28.87744507248257,14.700623267376855
16.534583349655712,7.048981038042306
26.976711481305934,12.292356175622066
12.519840072130469,4.566539442131563
23.788745076751262,8.342826234181999
23.488143294139483,10.365017832231796
27.980089146383257,14.663152612218596
19.106972821996667,8.686256275686198
15.469120677424279,6.37535775103196
11.061721850542073,3.7868593071479983
20.281290433835174,9.407755517962274
13.821889449569484,5.592972445876351
14.303979686038879,5.953916963623446
15.228159761634092,6.068221314442146
13.14916958719481,5.355411399555664
27.072594586832885,13.927959992072859
30.64959812140132,15.135630340337121
29.33333235805183,13.743099374427548
16.81499766037757,7.296474284767449
27.94682278860043,11.983322921572892
26.974089083279726,13.667334561520144
27.949120012571033,13.312833929000892
21.28019187146047,8.814703933472453
12.43145169631229,4.479316346835276
26.35836086169617,10.837630981173945
20.23097616289522,9.547371426896504
25.84547013610247,12.24864003945044
18.947707581351136,8.508731441019235
26.98883346646365,12.605297220006042
19.11532706699172,9.08147479772126
31.263311030217015,15.786382229460779
31.439742283694336,15.512028614477138
26.72491868560426,12.090358645780663
16.908042076968727,7.3625265092724925
17.371500916361548,7.7144038132434645
19.296977734095584,8.690900760392761
15.074688903063457,6.2653796238060435
14.509056284476136,6.043823866307346
18.471187797829728,8.305646928871743
17.765959410059565,7.706951033853875
23.68374127014587,11.97655156291548
23.59675096577144,9.520433740978184
18.399841016631356,8.639199906949653
17.628898425080042,7.248773013751576
31.856983137117815,15.643122623774822
21.714851447780134,10.827925296339746
21.337961068856437,10.270555502035474
22.891376277932316,10.169184515610716
16.18492751606631,6.812254013204085
29.596614398728534,13.365856225623345
23.047715098922254,10.282609651353397
13.443416461782475,5.087283602954651
21.76734044580885,10.651023835195456
14.521809042566149,6.0700712087815045
14.071177824930176,5.8361890285709555
14.314461229406641,5.786635309862579
17.425004991263155,7.620460459906889
15.220271680961057,6.311643711381928
18.47369115589047,8.290023302167448
17.267800131341136,7.646902037894665
28.516609742330576,11.28902897686687
16.275995660193836,6.505817969161058
21.434959872985488,9.766407184707154
17.666420287915408,7.878795189805543
32.48172254365155,16.145037855565327
17.400508611844486,7.625324200088221
26.715331472202283,11.42627345346938
21.638868643021567,10.580272878396253
28.497599305346505,13.703898134983735
31.287078365003868,16.615913326044566
19.91808719125586,9.02939461140179
11.184170817786036,3.829834318937013
18.723320097425447,8.15131119658712
23.6612472339093,10.965048400228214
29.58950657526072,14.804082862140435
17.20371425756929,7.069245453823002
25.478113149528298,10.463552557451347
17.599917602570862,8.099712954806956
17.595854817827643,7.240530817560113
31.290940379537446,16.39671962695217
18.543861312535093,7.5971894210226285
13.605108754436836,5.458680746744191
19.641769482004825,8.439364826199864
20.722820304503344,9.604006269978958
17.050424192474914,6.4148895674004045
23.40164765422952,10.63789342031159
29.483767731050005,14.486863471701406
21.57475924557108,10.082743692775892
22.020241037605487,9.637068309438183
19.616653937483868,8.583785477894907
29.736723676104255,14.767159359344358
28.23513702115081,14.679606303465588
24.601693014422885,9.385859552997255
24.277742882280542,11.82980147532257
16.814427307305365,6.557817533792203
14.923458516685637,6.239985928161712
19.610905633937882,8.775758811656532
25.603886622287064,12.005642434008271
11.796858975292924,4.124853494391746
17.123660616687967,7.569872035837859
13.116819163372089,5.125035650019405
13.488640490694916,5.561098691876594
20.31659126249617,7.618763026618549
21.673344827510213,10.495522752229492
22.844857148937617,11.553195958369763
19.91785930764601,8.734446294173285
22.279221619739182,9.856646625421698
16.216976207970347,7.154616252078642
22.737062652177794,10.723778810576206
20.43171298178778,9.339280915872443
17.036060819002856,7.173835464582588
17.672242269546945,7.652905806565623
28.03674784352237,13.511002510047188
31.711010828017503,15.697830329085924
21.748032253951976,10.811721387550003
26.00431737194495,10.088952686843895
24.110864616639887,10.989970365490583
18.118615542215576,8.26861549114816
29.167871938473308,13.964937638803146
13.515681865634258,5.037796803847802
23.34575878617453,9.457950515512236
12.412269497413204,4.730874878738309
12.028546303723921,4.405944777633256
15.092914046743795,5.4689646745177765
26.950587566346837,12.616760940324772
26.18886512065066,10.48859316928166
13.811028946925955,5.393462834932559
24.220749495611905,11.497798516599444
17.61856831501452,7.843419397459172
23.877372119247276,11.899573359226384
27.75226672953488,11.337205410948153
12.506122408802522,4.746766310100024
13.982343411395872,5.557557932745894
26.438232626887125,12.329064131489812
13.396209521534901,5.246621370676789
28.07843957382055,13.844316927746725
17.33192702632679,7.379045686155082
27.12904804205199,13.176001396516726
17.539936857041056,7.670597341163706
13.903950239056542,5.666793420973244
28.862536659961535,13.588828531973498
29.33691355129159,15.209960397868594
13.361427798064211,5.14876474968507
18.61556943630559,8.2876351025305
16.456375677822955,7.035249416076617
29.407822987814555,14.169507666941449
25.40096429668226,11.616298762286245
20.763484389122006,8.847942240414994
11.050309600834161,3.7742562550203
13.819200421923956,5.215866771210679
14.968088448711393,5.7408464459625845
22.85756802450711,10.33978044231732
13.047576437830184,5.273471791931807
31.97826041846352,15.15532203079329
20.454953830741424,8.926311406956405
17.084905286015932,7.255305012530608
19.064575842456627,8.253723376066896
26.81196912663046,12.53544913251629
11.870937940010995,4.487626917041203
20.797815956192707,10.132417393469346
21.110776607203103,9.902558047637713
26.561837995434647,13.535113916510165
29.322694514857428,15.098129476334691
20.169027921608127,9.746111021291188
17.309297038412392,7.37740107320187
26.19765629386655,12.766743050006498
22.369945036135626,9.935893636947903
26.68718669574166,11.87136081470888
20.784449291204375,9.691412750079055
11.401713328770173,4.05347212962838
18.627743940487022,8.413999397832866
13.87457669536089,5.773477071768489
27.13769855047814,10.87017862742204
26.034237200688153,11.666556600817657
19.27559270313788,9.117158483260805
25.324945212228137,12.821733637472635
16.83076342280693,7.540031355622974
20.975122858296796,9.65756720808548
30.52845323058505,14.879017919780832
19.91174640824375,9.194275883002557
26.956623789843793,10.995893616833671
16.802278788427323,6.969495205341675
22.81912108398745,11.520120584074585
15.402163188246833,6.597278024565599
23.452071086023565,11.382899224694972
27.334872753685588,12.08094189069236
28.187022941820146,14.55628352904558
23.658813660456275,11.242176354211043
13.62274177738919,5.603638587251339
32.26486773612684,16.578818117104188
12.730199593428802,4.734467354583373
13.27040436307422,5.060976759888082
25.188735908858835,10.057823311404663
18.72309833422767,8.688909241943929
18.589910475722,8.698026596502796
18.372073124825707,7.881717235449896
28.737056708244957,13.767541776414046
20.06720763337875,9.317677798944246
12.606597112281333,4.880935326210031
19.961891802244942,8.538094226710625
24.593691933163917,10.646026039488016
23.74574415517516,11.581812467151412
20.71314411624237,9.537393174610791
14.01145226988396,5.44618290487364
29.000068616198277,12.56573244667534
13.606837837526056,5.545682040630704
14.15747883975806,5.802328087005851
20.286357598440254,9.690529228733293
24.951537965019746,12.195865775059294
16.09184650955241,7.105461442716257
20.901987940409917,9.815552662943698
15.14065549173144,6.621279676368409
13.356402601213732,5.203569326629736
21.394695898315305,10.247991679376698
19.148684790925138,8.52034757228433
31.11760592919322,16.191696570807704
13.828403847726541,5.430152647288615
12.649212989102962,4.964525524336569
22.02045332642728,8.900647753874383
14.724419154796069,6.211186776451842
21.03898892799935,8.554356546793251
21.710710243256365,9.629969171306216
16.005708782495194,6.954255694428824
19.165817686595705,8.602084219195959
21.342222133516653,9.858337745765137
17.2855704467408,7.091462740763229
24.505182477806077,11.556188522102785
18.8617895901041,8.981953834357528
11.722454328187505,4.126794559994199
16.889347055697264,7.411617428468735
24.363962055330386,10.245388506311985
15.266222240625407,6.4711682612039105
21.593839606703824,10.225294063107695
24.542276910441203,10.064101335008173
27.21414195873116,13.166199165077414
32.2913145491656,17.06838308054467
16.713819994048222,7.26666229941011
16.04217565066149,7.106238953722502
28.979992367018802,14.094741177928945
16.732087383085066,7.394783994983432
25.51149441512049,13.426295993813353
16.08391939966362,6.931348113281763
14.465820223624078,5.992549996100453
30.669285157538752,14.066996862571505
25.522431416960345,12.112432944701327
16.543427486271977,7.395535153183986
25.09984862136823,12.594085162046659
30.57617946749486,14.925283342675687
20.868279043746337,9.16286852694068
19.755950887550977,8.992666574072988
15.096205525507484,6.131895612954312
26.25700169676168,13.426533331432065
21.318914442232384,6.731577312748916
28.42244803419491,14.913958293620757
13.779579801240418,5.559802338674501
12.36698098913864,4.720292570364263
11.835708714365635,4.094927834703026
21.225604822978024,10.144859025827184
13.351342787502915,5.152310131057818
28.447043549316916,14.650664422526905
21.554377125017396,10.214389912456841
14.581243781487842,6.196832390317863
26.68850550857188,12.987625421133545
19.79618375427885,9.226620793833145
17.142205615142938,7.188099532006686
17.76326579454407,7.643553281957569
15.054555614799256,5.70710702091247
23.155437858482827,11.221267827074596
16.71800166273842,6.96600082051478
19.42465351487839,9.288938564116505
23.619926837346057,9.62420275097336
17.941670565019418,8.171461690946929
13.019728692417392,5.093954087341255
17.964730123325204,7.88974370030214
15.098249138035367,6.507700035300277
17.170263589970716,7.556693568140737
13.756132576170705,5.254245939585801
27.166792764300872,13.79198938201563
27.580968131247573,14.353992439155196
32.92164323012551,16.16449800884073
18.56988509779424,7.60069653622788
22.289320506085964,10.096046191857276
19.46122127629195,8.546645427327842
27.44526000743457,14.429219249967755
22.30340793169146,8.352430641319424
15.461322178462737,6.264424789961438
27.69637856589909,13.48830763659537
17.999965051901572,8.167458414851003
19.837897183938868,9.14319978084593
13.300201918496548,5.470233562941003
29.61743802350664,14.891532974398388
20.786559526043757,9.372814619039804
13.0705557214809,5.070755785689772
18.760360193263512,8.462284205806887
30.54789190293632,15.335368954074157
24.190160986823,10.5860756276941
20.330585115192108,9.891236644362971
14.217955653624635,5.699881995489634
22.32506740219712,8.41683995899326
23.788519087073432,11.752779923074769
24.0955926253635,10.119487324513416
14.578304123123646,5.908415675096433
28.619084574098714,15.05364343125093
20.500975285023646,9.704347116493619
13.356677220872728,5.413811553889722
23.33998301790997,10.574413020703826
18.12320924789042,8.323940858844857
16.635208683143688,6.894124086752778
27.594831944005648,13.095022330033377
30.45401195060548,13.834109611997835
29.70761152007438,14.569304215131226
12.542114563613351,4.6651944708370054
15.123834777109007,6.250617121796367
14.668984725376038,6.092438809712821
21.270911726749095,9.67991811481392
20.677186835565745,9.402497433454725
29.936651696927676,14.608536059150863
26.568466232876265,12.86537548016773
11.994464348879914,4.496758488144562
15.471962603486507,6.539241462506659
15.582377601098614,6.635770518818667
31.989847981993222,15.658433320760448
28.97826278950147,15.370067510755227
13.369200058493114,5.281838374327317
16.868440010130445,7.432368944197003
21.494333473777363,10.121450807662063
23.100447645123275,10.413740096914621
18.938019725031282,9.013960625589974
14.709759793884356,6.20237947704516
14.199365334303234,5.8566885101750055
12.926790727857224,4.854741278386519
29.764804347085327,14.365790154444511
23.34255952661986,11.387511452361146
17.420213515327127,7.659582820286287
22.874069667387325,10.266847495415545
16.36215800363877,7.231476759572478
19.809288321173543,9.317611496346144
16.263016520811785,6.867420360767664
16.738691733405968,7.139721085912307
27.625281227289054,11.57479464678531
17.96007177335448,7.478551225402847
20.082729170498354,9.581772972011375
31.133904956737233,16.383606373285424
24.76599476946953,12.425332522934866
16.454551211001178,7.1066093839056546
35.47951285896045,19.153908754768135
24.77693922994797,11.924274208843608
27.47227908212741,12.857840557078548
14.203872247536124,5.788472361392735
22.411681909750396,11.02796478260597
20.90042456350038,9.595570485896285
18.324024774392328,8.387740966769941
19.179387041540302,8.88279024390303
25.877176354918944,12.499347831817179
15.43946996164208,6.1314675220418104
12.268968355248212,4.647391936526996
24.526059268526286,12.041187031488228
16.464890505339326,7.397914505991231
31.12797328189841,16.38790527603302
15.317179786118462,5.972367043624228
21.292275402269823,9.430492813616656
25.330857326171547,12.02084000729534
23.573060572742097,11.943425649024311
19.212837140052837,8.213660881721475
14.714294293002164,6.0700263013853535
21.720491023466906,9.768483583678758
18.467444909322207,8.547252139396527
17.70060693148148,7.95191544397266
17.50802919025253,6.748804629421121
14.253098268532092,5.827341058910381
19.480710928626806,9.327666532757634
18.59415212161292,8.712739269947512
17.26041689890227,7.867565581662627
15.333235177607417,6.45604786853762
16.353586556735888,7.376489920967503
29.063603235693453,15.122475460251223
22.364870146853917,11.212120721228649
12.879287743771005,5.046546316757996
20.454805281270577,9.783875665188468
27.977546448241892,13.553185652735047
14.235956902314035,5.802190944552749
17.380342691389018,7.845541192364919
27.34553039342699,14.612518908651026
29.95450142382356,15.27400677914057
15.901066931586612,6.784672472174623
23.66590709198414,11.852211190185207
24.60239122414411,12.342899983483319
20.81607991448913,9.410507473524103
24.582339500750688,11.247996752047273
24.32518513271575,12.126264273030484
19.870859085172476,8.981476440182382
13.295599233839058,5.250382530480298
20.856807991367198,9.104516415208769
15.208773274869202,6.034851187855773
34.267101618267986,18.37237224344048
17.22021820224654,7.781644266455761
18.582349801672088,8.172193566668328
21.438204448269296,10.428277818996213
12.03301555739633,4.594941219998623
17.320754055100814,7.316325711841863
26.387749278625208,11.688625966853865
21.761636228128005,10.28466932095281
32.09349677111632,15.421960182744396
19.75436945814424,9.34086293008715
21.383709549207854,10.182600008154115
13.055053839307508,5.261423442324492
23.184696458505268,7.996175896444778
13.425439287452802,5.298485676487067
19.213853749704356,8.388427632164362
24.041811502727388,10.611122130284826
25.20898197184281,11.966155383887472
13.54968184295593,5.353631231876675
15.026758699518378,6.208591294306881
19.79349953477969,9.04237006266235
13.303060145139522,5.408320951232623
12.400639554129159,4.601918426622271
16.378351369867442,6.89544931897051
13.903772073921186,5.723848603813675
12.209149633809663,4.698797972248451
12.973300073287518,5.127393871300548
14.653238637648585,6.14405918509169
14.772000407863068,5.871866413308814
16.39270607500045,7.043118511056526
18.219000374512362,8.21353413555595
17.6908938086859,7.542885756029691
16.947326374530643,7.323040592592876
12.808336621638034,4.935435061444441
23.862882464898014,11.777802571382095
17.28186210593332,7.915934945768295
18.228612211416227,7.866669682895255
16.283106591392425,6.991180771158229
23.0990958638064,10.723776072218461
16.82302973110626,7.556526945606201
25.154016536523674,10.521020605948998
20.570248761348374,9.595971198575791
21.908373350735662,10.586439576383896
26.36256563173476,13.95458666445133
13.555781870557727,5.476950830818827
12.15150434935926,4.5438239164934
27.97047107434529,12.775825592051417
33.48842936962193,17.353954598142725
14.651109760193751,6.205428619436364
16.871787595853434,7.519738994575288
20.370164686239704,9.188016551223875
13.876107618634453,5.478083722448919
23.897576878522134,11.505331809790919
28.78131702657917,15.065594943264129
17.6325798286438,7.180483454399929
20.90590127810498,9.713805070162955
17.185306209376684,7.6779405445759625
23.821984382288562,11.708808339405891
31.491517082224703,15.67928931932796
32.23800714690121,16.03296181149942
13.593472863087097,5.157392786005085
31.81690908598582,16.04338418324005
13.009049587597108,5.261072038620311
14.964208999998986,6.229435634498401
18.445148107537054,8.128521816721193
19.108106523273012,8.878826123777564
14.822589642553115,6.258265173316938
18.1333190824723,8.029821109491166
15.077026447212074,6.479879483209185
16.23064922548761,7.001371227739659
16.88602838364621,7.390642496384687
13.111937238610714,5.265512653133969
26.38875285884326,12.075632973554349
13.96839561421581,5.199394185139244
28.523711531919147,15.424815490948717
17.42309226191918,7.81767038575207
14.333703833434358,5.988087884722083
23.74134817541777,11.584266445626797
29.734269455897202,14.38644763623351
17.457416782698616,7.65713613852029
14.468033576685674,6.093552209953058
30.74459351693391,13.995089880915101
23.018513821276667,10.559990124573163
20.80539708429151,9.236231653369025
12.942610968016432,5.061708946707923
24.49776722574566,11.122564738859133
25.759451565813258,13.267197391174077
15.813910374879125,6.287124219025652
14.342467301458925,5.871770659206648
23.680936286552463,11.079533054512948
19.034658008815413,7.8763359558095045
17.408212206414518,7.615037035494482
23.250353808566434,11.593060558852478
26.813451267544696,11.012650147860334
11.877780901543108,4.181788298037426
29.24304589641614,13.835132412647924
18.232670768051292,7.7194756906013255
14.76255507008073,5.719740969782945
22.74712483848516,10.868980122550113
21.094851134967545,10.147666159023276
19.129957105037,9.047688972482591
16.222087900755188,6.99214386471008
20.07724908490797,9.005982688027377
16.729790518089956,7.496183068881868
13.799421648913544,5.726558868085673
34.58412100290592,19.37347110476755
21.799155114838605,10.113992925148505
16.17265619768732,6.549585771934824
12.768807046120607,4.822154918256977
27.563976860673513,11.886369468832395
26.035571190938164,13.80319353819245
15.884686241003115,6.844685515340118
27.724366852899976,12.454075888649461
16.492460701021056,7.322327499409719
21.71176610091762,8.75917045152354
23.228100489748947,9.136595409000146
16.992369296541945,7.782368640308636
21.4052466373116,10.171793983118546
15.34799447541079,6.195264086371515
16.60871464371666,7.365406042300845
27.059560640998342,11.226420778098651
26.838584212310835,13.216232874317205
23.23295372233006,11.278773474650906
24.37222971178643,12.043521510966725
19.685726681238133,9.45182015793603
25.898620243479076,11.513260597776512
11.343913311767473,4.124279166965734
16.20283371036259,7.219183541826954
23.14844554138189,10.274080506776064
31.26260826363516,16.44114012442188
25.34704614489253,10.035104098204013
20.67839195220565,8.419753956698068
14.485596040782502,6.123721284517284
18.831233931091194,8.149289184864411
27.315214234604646,14.534852961499665
13.64764046173598,5.498621865125038
27.82657315653871,14.44207127683492
22.546044653303372,9.004055802796545
22.552666768226203,9.319650187373956
28.731932509502542,14.060163992602018
29.319756031828838,12.410806875034348
12.80411343943739,4.9651260358975575
20.039287035486588,8.397459546445596
17.728439367379266,7.143440149032988
24.289067167418438,11.175406892435085
14.473351218393976,5.876775819489829
15.790826576096478,6.1771919834207685
26.3648609926892,12.764242344533539
16.10760122342884,7.2865440287407655
21.61594623220065,10.614584354416872
26.29022162602266,13.782496525231437
21.29242783818977,9.910051168952517
13.59287274014476,5.313724480239842
16.44390991125858,7.20196633167443
19.380902418611903,9.294140404466285
16.386372926057476,7.185930523309433
16.62030528389091,7.501073791754427
13.184504336648622,5.287714780672329
17.61222420457108,7.757393691407922
16.41305786187727,7.308620603716545
16.128748203724,6.416779283477018
33.15436457041235,17.662756409368175
14.003379927481715,5.653900300061026
19.019745105189422,8.78281985669593
21.01286657064016,10.057836713621176
26.189014918482492,11.808706730946412
19.864588708729872,9.331070173442152
26.64657705234406,12.839057571700373
19.706060410115075,8.726727682849644
27.654618924542735,14.506870762891937
18.539264017536823,8.379095163593057
25.194134957335763,11.312333394392
15.073628426444408,5.852124172551729
26.693096045770776,12.360648515986794
18.272381971161145,8.376997981004969
18.937686370940057,8.402252441960261
21.424039825543186,10.140132105486348
24.73283285410563,11.741018441728432
14.863266429087009,6.166218113797521
26.873651837861985,10.88335075055036
30.962553661450677,16.57781763543969
23.60370107133592,11.517426997787142
11.090181437423812,3.6619266050244668
26.081180648709687,12.648825162090816
30.983726509314035,16.205227204810523
15.895735084851417,7.012879874020039
16.26378273935374,7.083677281617293
15.610928452323657,6.197704297100174
14.762560341609397,6.108049084491152
27.16279090481706,12.614520975942945
15.001530183883991,6.349166232456465
26.945012635317866,12.0595817273644
25.764463798400417,13.263934144933003
12.16325919096952,4.484380789180528
23.621644936445918,11.358565351777068
17.244840506990894,7.896897979480757
15.000803400130316,6.412430234906125
22.598133416000607,10.27419836284977
27.292600010407174,14.038768540798173
17.78159657071818,8.197901116691511
28.41290802445029,15.070604291675906
14.04998496425064,5.730216487509891
33.04012220681631,17.228286966886664
22.818605832879534,10.007508863292491
31.584848778846347,15.041446973616575
13.14064953466308,5.019196835998178
16.172581730475727,6.4532795365029845
30.42684356603551,14.724108073769393
13.068963041697844,5.212476999742523
24.39024901614403,12.20407207583694
14.135713189349405,5.618168821112151
24.052178195638135,11.398788054529321
21.54716209084799,10.62790663262526
24.721108543215912,12.519994591119355
23.102142962814366,11.431702380658248
20.824317333314116,9.750695967903798
16.73096093516567,7.16945707660596
15.608266779687948,6.6690650316875875
17.7950625630887,8.055990983249815
21.201188222368373,10.54132029371897
19.88609895225948,9.59160721005216
13.83763337425059,5.235073251853198
14.81159758795863,6.173947764736937
14.683326117328964,6.1440493566178525
22.350011209857605,10.752758619598724
31.972190685975512,15.51342382411495
24.98048892352829,11.17336464106611
26.342520948671666,13.02988804588864
16.180177401762744,7.175133845814394
13.834523576014828,5.618932303219451
29.436510684594165,15.085450954852355
15.681723670859416,6.895774717358868
17.272080988412792,7.055744087721899
13.028892992094459,5.007204660750004
15.35705319012765,6.354041074076126
17.71955098815353,8.079706364369539
14.706113108639256,5.670096794071442
26.95228787052556,12.46787043140061
23.948978242136683,12.18064004190403
19.67875282175841,8.427004926997585
28.151436094903552,11.608653950916096
31.50044071894316,14.813561104159549
21.316949959623777,9.825570096843913
16.7889232914625,7.211115689397688
19.8629840945851,8.098439127601758
28.87141516548283,14.015263448425195
17.16602265935146,7.628094534427675
20.949470618462225,9.40563985026941
18.751676199891023,8.107514005285312
13.347486708521386,5.225788560958737
12.903602251580782,5.164262434405137
12.04912873350241,4.487053485057998
31.56833443915412,15.688090435279545
13.197302595380034,5.288353884128305
23.136973072833825,11.17768524298268
11.498846882424509,4.219914860088174
13.284844278906276,5.300562457053208
24.484225579154845,12.113405824545897
23.177914448652082,11.293903438716656
22.78470400482841,11.114605032725246
20.38472785887892,9.256417913585064
19.29823443102556,8.718588208169166
18.251064790824124,8.112035175162305
23.538458475699187,10.928339761269962
33.72880143969401,18.312029551590946
29.408236018715655,14.072972257089337
14.011102183741874,5.711206617565426
23.15389533633269,11.857962455584248
31.11506050285147,14.982457557331864
15.189284272806947,6.525202156654951
25.028763188461028,12.829918137336985
17.04627298312645,7.706888707656863
19.18509075415531,8.738940359840871
26.12582359936327,11.602341039143814
15.581475338908788,6.579073422193933
12.839859304328591,4.871717650268832
16.882080956670862,7.604541510264114
16.432036607777732,6.764282840020967
11.18291002424756,3.9437086320774344
24.728077514859958,11.059859754176038
24.202507648474764,11.529511484093476
22.843446210112035,10.609300837028622
30.147504970517943,16.28790489589259
14.716807264337826,5.64606969777524
28.859483311831873,14.368711236194805
14.744900970198133,6.223300153868292
26.006979034383722,12.783706358454168
14.929779086607123,6.266963711710355
13.841055371493379,5.648831570847737
18.96649352566167,8.819914847965913
22.622953229449692,10.316889574592738
19.8571449445347,8.856458172020625
18.161309874581317,8.427713669789464
12.857245389833071,4.868480256355
23.1035065867921,10.906224395982898
29.296159210006696,12.570555692795766
12.541413305977525,4.686977317685489
15.555970379807981,6.710452089134535
29.94294985132475,15.178718363292827
28.858968489351874,13.133084275022542
28.408867190548875,15.333266527307977
13.454556501080761,5.5112631276090385
24.842666268176764,11.650310820958692
15.03698936174398,6.2698187260048055
23.831016678524712,11.037567237508993
31.449639675020855,16.248788669520934
17.889193350978132,8.107955514963361
26.858332507749846,10.120407955920342
35.56332492036238,18.598859263162556
13.330016024052993,5.366132838037975
27.705211707972097,13.577231579747812
16.63101060073327,7.492710639516935
20.895013953422477,8.50990138107289
24.471642445960697,11.649639601041358
21.32149601215623,10.282830745202652
13.246176380495701,5.219476441952582
26.261776911830502,13.686109526422259
17.471788868561866,7.859733214602172
24.554264875683913,11.612745038781165
20.780190228615574,9.964616334406498
14.628377724636163,6.102036350958361
18.276856538846637,8.260691569842274
17.947010213927697,8.132870174052815
29.76980099877604,16.043085869850795
19.699999289984028,9.333002414720738
19.149449428945708,8.506644336266769
15.139432210374292,6.409328521566906
15.95660745174184,6.76084618218633
15.175626230483132,6.154526168921844
11.10025035390626,3.9243134326742473
18.195648893392864,8.12594966212449
21.45433388201707,10.117977812691862
19.533381682737883,8.946573125411717
18.333080514352417,8.535793005987177
17.51655371492167,6.911062783935234
24.350703872799745,12.709965271465665
27.24218525850647,10.872577052135048
17.98491677868269,8.18126681363304
15.510871188859518,6.333838066465722
18.017614300932703,7.917700828650633
12.455422007565398,4.480839753976222
12.469428476277697,4.835842971104362
14.166547904139492,5.778344200781404
16.141150487126296,6.736783260966766
12.481971537165338,4.695148725365712
12.820448236555546,4.854042658491498
16.769997723308073,7.457458096936272
25.553790316177913,13.097122626178532
27.27452873611466,13.619045834432999
28.70233826642081,14.165099438699038
15.209133123813796,6.207859928107115
22.57058213368434,10.664980389159377
26.093045496386083,10.14752471309406
22.824473451239953,11.115412743625152
18.040553378886663,7.808586432544102
18.237394109008772,8.278939650120394
23.706267547450587,10.226727648333267
13.766931861752607,5.671309367773889
13.339405277644852,5.04101271754938
28.393977692921254,13.863746709122207
20.043453526367305,8.368137760339822
14.739115188851216,6.259004377581249
23.24861970990953,9.660368762217907
15.963535464491386,7.042431716277558
14.065160560492746,5.772891060347555
26.136471468942304,12.364614229307012
12.569117235847934,4.845893351717353
13.419950346240498,5.474554503824255
13.850607390304319,5.785789257398098
26.42788298221596,13.744750775676719
26.136922353392034,11.968666939461993
13.444075856283764,5.316288577034191
24.00238619470513,11.636918423299083
16.619053067473406,7.101995611525628
15.819694402099698,6.693040088672767
13.568444535816562,5.445522173489634
23.789058021163676,11.878471936439242
16.696469347818844,6.95251407242916
33.47429997547216,17.651349873853345
31.636042795929807,15.80635238492525
13.889117719111358,5.745683032449591
22.610400948264147,10.88185830345745
18.78898621651615,8.752425272098218
14.217043315783174,5.87071004991729
21.997338124018142,10.8259552933459
15.499564380773112,6.6238118849089025
26.302171636295256,13.497104377489778
21.52998937048469,10.396452980679124
16.255771016987957,6.333970375972032
19.66150551816106,9.146401181127612
14.641323700067394,5.713997028860796
30.791493967752956,15.676162997690737
28.504528391626707,15.019064161443252
27.120977843972668,10.338508530586843
11.746085525671596,4.084906062304659
25.304051751946652,12.019350321322758
22.69496433681732,9.37127775515234
16.948132972392727,7.457557570588286
15.138573650375575,6.345263228115912
21.881041171655365,9.371859026555375
15.375824329607202,6.263992216311539
24.042785098481183,11.403728077454101
20.152523571585085,7.893287633026295
21.473343072033934,10.073105978146131
21.614724374784316,10.681508219717468
28.07853089110499,13.398461598509439
25.560640594569502,11.538506411528553
22.809360947105407,10.59848216922421
21.62367934969029,9.072351527829145
18.005158505805802,7.864384907020557
18.301676567807178,8.215727717692694
18.88570399659733,8.445380649515796
23.916269956570517,11.773349919742738
12.063592024262018,4.469354527158606
30.504270500254798,15.576152288642726
20.235936708469474,8.968874914424616
15.965954324722492,6.724082428855251
21.7354907836412,9.921297784828012
30.50001180734423,14.744985154695843
29.591732381714312,15.222649873932763
22.677674832665154,7.319503129923621
33.21194228954597,17.512258785581412
26.62247725996118,12.577519515120136
13.930491307839272,5.774783993469264
14.90210566406897,6.1563660318713245
25.209931868493644,12.547603428523708
14.66363682064711,6.2120937186485685
21.083463111276306,10.441329582544029
30.670377736165403,14.129241923562576
27.72333548395092,12.233195769873909
15.008821327246164,5.894144234660891
23.150757221858818,10.892830580116131
17.065409620263182,7.243836771679155
19.14375167918744,8.947674710033388
26.745560080401408,12.391091273235983
13.83227875803666,5.623788844647374
30.375642384983628,13.699635459689944
26.453908256608447,13.691334900719141
15.019402861782108,6.074891437076736
23.005153095345378,9.436616734328338
17.958217712548368,7.912383515883694
27.061638737328348,13.92802602874818
20.77707747428454,7.801058518623496
25.32405065217518,9.770648047088633
22.08564962384468,10.281952838960047
27.657105802180592,12.29628507051469
23.870626581907704,11.769350271217306
15.237696782386122,6.446817230105262
25.94626396633703,11.696123583811293
28.412648773433258,13.522634670874194
15.609572293507604,6.632448797850418
22.47276240928305,11.111090720677693
15.272033269714717,6.4494993475792
17.99699021665802,8.191704096481832
13.07199388847517,5.052177151361072
26.686948881343298,13.531818433963107
22.774272599909708,10.657069840981634
20.170564508605523,9.430905627286071
13.92847148167685,5.779797998155763
19.169422010945745,8.104586582457252
27.580843332827527,14.443285158846129
22.754442956094536,11.300422515688368
13.005131124412074,5.048294576110147
24.780671917243104,10.680992457109125
20.523895957185673,9.400978965798817
25.993457736514966,13.211467538478807
20.132277266214036,8.953976419763004
14.198628326857408,5.872230448747437
33.142138464063166,17.38644624383984
23.719538066423414,11.70117452827931
26.493708683358303,12.607072978834344
17.01507583814368,7.469531878955722
21.689649401440622,9.332295571018253
32.800442694504284,16.64857312503321
18.743255356721534,8.535490031173916
23.21430845508177,11.605248838938065
13.684925968072225,5.351332469447774
22.474676975617513,10.790828038440546
27.800226590982916,14.0824161715548
23.06694126559496,9.667792090397292
18.04322595690965,7.546204949409945
18.24982133199358,7.740371102383079
22.670610193926315,9.615742273802422
31.36718244276274,16.449139778963563
13.365509069410532,5.382374264328853
23.023333145501162,10.3632854234804
20.313953877236074,8.964835435882062
23.25279175875013,10.940514069210362
17.04686160470127,7.425280683747347
27.93502980724303,13.537976086988564
10.665027068155922,3.433620217660225
23.86781340900309,10.74343096093169
18.559852872511243,8.5764410308497
16.12041737437887,6.835936679688585
20.94917164627098,10.025534606987845
23.8407075877948,10.496243809165472
16.348252664381896,7.125812941884566
18.233122311238134,8.425233494105928
23.196254290678162,10.726453514600122
23.77940608657745,11.21112829282089
17.55434825475127,7.801720525587921
31.288914640841284,15.34143986319338
13.449132080780206,5.345302115064933
14.657381551214034,6.186354722211479
13.663167625674074,5.26898547833638
16.774731628986867,7.429447599338976
12.126294865585407,4.548506346688188
21.46680824852657,10.154459430399914
15.925335572557012,7.114168510289703
14.059158897304894,5.898240433134296
19.630368623040468,7.385897286149335
12.976436246655272,5.21953761767838
16.94503905048936,7.3760988698944985
25.492520556988353,12.379621309828273
13.245349452327634,5.344925624382406
27.467779177829595,13.840134755247732
16.984837336746807,7.626327168048805
33.2955079346505,17.30612071608096
12.439670124221724,4.732657659833474
13.75224072392794,5.272338616662298
25.529739087659827,11.30251596075504
16.37105690021027,6.960573582300291
21.7344558601606,9.272415122866105
20.828950655560163,10.182659454065005
16.296612507145348,7.237597948667397
21.324979412596313,9.853635593884663
24.099544727888222,12.380238079331875
21.467611000959586,9.465260467061167
24.966532046384415,11.427952277219394
18.003187746357924,7.502954588503639
30.945187138442066,15.949547303527277
14.54425583286453,5.872051176385211
19.942595786974984,7.621570554409754
21.49981418790626,9.268744985928562
28.252548919250827,13.755025312524175
25.23214863436099,11.432361835482258
24.984402520142538,9.849530538485768
18.81139925537486,8.876318154908143
31.100405060323443,15.200195494261472
18.703757880514342,7.535332928854576
20.791501067358517,9.746203092511571
15.268412109024785,6.538468281525424
27.702359247342585,13.551916117821527
22.557098892555068,11.035667423730024
13.366372857303611,5.25419866270483
23.738921897265975,9.275826840454714
16.354366110611775,6.96582407150427
15.828973049538625,6.780136576434686
30.645781120216093,15.593696531890586
19.27874149384705,8.969826321445112
21.162934770758582,7.713153796386193
17.18436138096888,6.938557447255345
24.435686146281864,11.303550023852607
13.078819161462299,5.271936965840656
32.56099942424029,17.380944091313953
15.962126528954833,6.783025442883196
23.217225174337543,11.59007178960906
17.0386334047818,7.505615266182092
23.698355515502037,11.568577553467382
13.765003044664773,5.584558413934213
16.388924253163196,7.255317988617915
17.694145705973472,7.869287689433628
14.302652782893194,5.857794104481173
26.876482189095903,12.596628321959496
14.400509651876572,6.04006387017435
19.527373510661185,8.575868876667338
24.838349795216956,12.741693080808442
11.39607199750346,4.25193190781904
13.466907669635264,5.1114717576299755
15.740890528566627,6.69152549735275
14.181268112077841,5.837559659085832
15.202591553965664,6.201013173315144
12.669991748089377,5.015642319416982
19.92377363882682,9.133859977705383
26.257028491182638,12.620587572903263
27.849351377512566,12.768757884932
23.056520959536275,10.133952550549793
13.031573062492706,4.978879777333331
21.00189116508417,8.44542271885559
12.50412966034544,4.817681773522483
18.317456674305532,7.647556392651916
23.882939078796273,12.000659221815358
13.570959880195865,5.422102627176797
12.578296381689558,4.427247675291609
19.011558564605252,7.9632543162112555
11.790106574056576,4.350516475829646
16.843201420941536,7.314938806364483
29.373684011443547,13.632869444236977
24.876246883725646,11.78865505833479
26.722338493152794,12.711013565083656
29.298248376398217,14.756325044090529
16.894453629204804,7.000770416774244
19.387282773977248,8.413679644308743
26.918679349983893,13.509365756283538
18.78027051622394,8.197497936350555
13.419759428611355,5.503258602238053
14.33346406587222,5.795986274302734
26.958947270479765,12.540223365438123
30.387698512516394,15.319585149526631
18.71503628237504,8.561824901135953
14.821029648310507,5.849349444066757
16.32377710512951,7.198960163603074
21.877716330340284,9.648494622353653
15.302588075858267,6.447872219829876
14.23790711901524,5.68798097510301
14.223865299918955,5.621570619682763
14.974235722076173,6.3853060777099495
26.56728062783001,11.052999890226996
21.49716090782103,8.83995955444329
20.482656020674764,9.337707937521229
21.647984006991635,10.546772012007224
22.364707309993662,9.955218716677011
13.970281559973293,4.97248221701517
14.171549526564533,5.5709336517166115
24.63271838832662,10.925554610322164
13.734511587898462,5.650526822281071
25.03891185522124,12.500314566081764
32.54687799791,17.50364913575172
20.85569261205446,9.781186499227479
21.7873834776845,9.403288404374216
25.910976666593868,11.267641238057795
19.643559574526876,8.437233863560463
15.825380220373187,6.4561928030778395
22.204391957044496,9.787446263150247
21.236909534955526,9.847493212714406
27.31203009408599,13.510840339912221
24.026958355350573,10.76714977494632
19.432453796227605,9.257440436385775
17.96029059290019,7.4494653423046024
16.263646273690824,7.118647477827482
15.802354387376166,6.929571372975359
31.830056683225987,15.840035373927474
22.62073701287646,11.008795135772035
14.073060748685295,5.445532873221636
16.583441547584513,7.375417117387441
29.1924095793399,14.811313492985693
15.038951842835095,6.3462368766746735
16.478535553071232,7.350563283672814
14.745955853514916,5.579117554186741
31.3898051309251,16.774744119839145
16.176006997038563,6.903574705807534
28.759030681108598,15.284011176280412
15.97053307408385,6.939193275654954
15.963948833100167,6.455882423479967
22.779130379009903,11.346206705456568
18.444499454899216,8.13496873088413
17.467925397590037,7.423990484827986
24.508575995582895,11.58150443152754
23.87026568737431,8.5840542542697
17.961659559069822,8.346787182203766
15.387801690962126,6.644738794247203
31.42068316106179,16.45558012052262
24.392101685300453,11.70191308330401
12.808190945870436,5.061280248641554
24.807723470245822,11.292178216199675
17.503287332337877,7.375549753095418
26.287561261712824,11.55022487156602
21.533042189994777,10.68209548621233
18.387879316991928,8.33885055232699
12.829318570066725,5.028985222174735
14.983735567351346,6.144690875136221
12.31979240663762,4.765574695393563
11.673078690247463,4.0884411085537185
17.785572425338493,7.953462881007681
30.159987807920405,16.234682337993295
20.621298291030364,9.551236735856778
15.507770383901333,6.1024645730617735
14.271068707527945,5.84349953176117
24.276708389879857,12.248456561553382
26.7664246616319,11.480095840273016
27.52272705286932,12.561211471973806
28.453697354823014,12.271478626814096
29.109182403817382,13.867203346735876
19.3715598791587,8.159229338726076
22.71017547423377,11.040372946981892
27.262577040240224,14.033819494766844
15.550580598605599,6.735019443274769
14.633354344721333,5.941143504544231
15.23515984776044,6.316558979292142
30.0284042967011,15.847453224913508
19.406094638176455,7.843964972208475
15.658577751407712,6.9100030203645995
11.5171895557115,4.27615648147988
18.73556661922106,8.41042419120387
17.794561418419562,8.205304581336211
17.113134410982678,7.343042920918097
16.005593175359124,6.345062300228666
29.738465240485752,12.842527389915094
28.84685925950479,14.868219635367977
12.088819915220089,4.428678476240449
13.775456679310764,5.5760424339336145
20.58349094464177,9.783354494803786
17.876053772244827,7.852834486150961
29.4023975441431,15.13226876198471
14.227599880239378,5.341317484830635
13.005459796593732,5.16374327109236
32.15510710856851,17.225419745515136
27.930968574659808,12.628842881989506
25.16445096425,11.436220896389107
17.847352103879295,8.095011934139828
21.061340817488983,10.064588440531699
28.59311214068441,12.37298128802233
21.777663299292435,10.467052275706065
18.25970761162896,7.897534504579504
32.77063891674854,15.8806034335394
13.499302320783846,5.412028693570717
26.24793388472805,11.774693501807826
26.79829593776066,13.416815773711509
17.07770320215098,7.633729801592225
11.574050968815023,3.9649479203480986
13.44876298022327,5.39890144937706
24.408996150970914,11.529096756222245
24.705347704442644,9.696429364512706
23.416600754659243,11.300452316796163
26.146917811670022,12.215319236057153
31.068120662353735,15.966358616407225
19.815731810253833,8.568120153208204
13.457115310846126,5.437287038914836
13.869405467230777,5.64868206490997
29.048543685535794,15.590430886622178
26.973853477967296,12.49387937076884
26.8771042203343,13.797732301750262
22.666688855959315,11.01508773218354
26.043382374020485,12.678144143118132
18.457858394243427,7.84568935168061
21.778142621459782,9.212162380400143
30.676008269903676,15.584976425590828
25.8205271540671,11.458944101599862
29.981936797061667,15.72276091487843
14.180869838232741,5.9252820662137395
22.760538285235196,9.650163667682156
13.939844472934983,5.829004294904228
35.44106186973936,19.24112798823374
29.552761974984392,14.390348556785812
16.58126906760638,6.926588825945924
20.643760659705254,8.223674547945228
12.96021917519462,5.1280702437176835
14.595871676994946,5.7548266152774525
17.296316925480653,7.525273802242784
22.613896996177747,11.09643265816571
22.021615060180217,10.181632090396988
21.777181105430707,10.55088965300094
14.38537892266023,5.892837119542972
14.422847482143322,5.868984496248125
15.589249586151588,6.861726931003876
16.234788309796976,7.0105741034485725
16.8534561638678,7.262729245475377
19.027589007467235,8.655344335827834
13.362146736524524,5.449527557204452
21.413807966585026,7.525199404306157
18.36854756986594,7.737950029066576
16.83408090777392,7.188769342707403
17.792857942031294,8.10829493558544
22.756307765794556,9.30137550677174
14.696768327242433,6.185297635359622
23.82952803243258,10.3376827215658
20.814781142175146,10.234903672948603
29.775506302072685,12.865698379606641
13.54115352035677,5.429452571360199
24.263319402788248,11.988619108180531
13.427448576396639,5.444048039279113
27.71086314984582,14.692126540896307
19.918858643270994,9.59980852267804
13.643117984289729,5.476847043695548
11.413323654411533,4.111622529535835
22.834830769529084,9.751018936122943
14.539715607110871,5.797062603858173
16.142927889009357,6.724691897871119
21.166166511736186,9.365331602339655
32.29976839974223,17.73912101286
20.920083897601348,9.43843268180597
25.61173874943769,13.010006145855094
27.015355345772505,14.16235112814297
28.448262655243923,13.273256292877605
21.064927833626356,8.543568780935649
13.728249647220267,5.428105990060792
20.528310486757206,8.598444887159555
17.644835474095128,7.854500147631714
15.231710052247836,5.897607923836311
17.13871699983035,7.713572335597232
21.47721190601494,9.64995325491209
33.20542837366347,16.45391814075055
19.457212361320334,7.763280961442544
15.072417349461828,6.12153756753383
16.705641951360917,7.268475825340844
14.118980792624102,5.699036516059201
21.20695521649026,9.964656030857372
24.916043693525776,8.30025826437538
12.999289299306593,4.97287388383611
26.124969842490117,13.032792275768179
29.790280170530835,15.500671400210006
24.85754261507456,11.810243421649089
24.611433501105502,12.036434930203823
29.10488709936041,12.920723470759574
34.507876055423594,18.7486205893913
17.13763403561917,7.585804467793482
19.011436276286158,8.742087018308954
11.88870488557528,4.171675916715872
13.967297644863939,4.771712150106156
32.64021665046043,18.298928637817067
26.510255246435236,11.352624846416782
23.782623704737343,9.723169876635152
26.809147503570927,11.881402504725258
22.439688868807025,9.709756409460613
25.961576031556987,12.615027121476537
33.039385173205666,17.21312203250498
19.793183471989167,9.274646421073518
25.845773016379198,13.093464355056431
22.251737053738694,10.567320906109966
16.934874090851793,7.368990752519039
32.10019781555353,16.38874951034653
18.77358307208795,8.685316141876074
20.345138118681913,9.515986625609434
28.753964284419535,15.172503953551727
25.428918244385912,10.986764932455362
20.848021277684666,9.44262723646093
22.601339133750564,10.891734602725052
12.328719582868743,4.694739895590444
26.274869391022698,12.371417012396401
15.013769031541152,6.10604112871585
23.552719766401268,11.769567721344151
14.09375514527514,5.308674313545596
20.647194112887227,8.164468508708365
24.98988719946769,12.028139714450615
12.52453856291049,4.891935920198256
15.002785625501462,6.359105044318723
20.003803674457806,9.467686085482066
21.441748293123275,8.907409629899535
30.711692629263027,15.466401671760796
29.15226738820094,14.418384595800893
13.601594127370971,5.53266074386224
13.448090257823964,5.138589843883633
14.994020431763335,6.263339244646515
27.095969764498573,13.64463205871054
18.383001470617785,8.393034260549262
29.110894549299438,14.582278537878464
30.93459373274723,13.969840628867528
33.890461574568825,18.10400926442098
11.123539543873925,3.62695868078581
24.475611811328307,12.3163925499494
14.700291499545033,5.792054352975863
20.40667974735225,9.815236921196421
29.976243901746617,15.796020237361384
12.421907377256977,4.741187684214394
32.293102206781256,16.4027409869359
15.599052717500367,6.5754082728450225
17.937432985981594,7.949269881671982
17.576685378327255,7.500162970587991
18.379007137115842,8.299038952751115
16.403836090667426,6.366749507209693
14.415412239071555,6.046882981991129
17.429340360259886,7.621019561408601
29.304899798448318,14.028235639562778
21.1811011973234,10.068416364773354
31.07322882842397,14.822362929273483
23.608341262712187,8.373345761991752
25.893117518280768,13.163154026699175
13.462683019132173,5.382696800275537
15.352735622064039,6.533711101962596
18.477583117070754,8.522407860832777
11.952291114247203,4.452277218583251
26.945017464969748,11.04788464786196
21.571969568921055,10.521764868897353
27.71595414151814,13.448100483374011
23.95460446064069,12.320949851277662
13.775000628096079,5.700234300354998
23.248416315385384,10.641200453230013
17.635246912545597,8.085747974991339
17.590221840865325,7.893934941738907
13.564290854068723,5.5756512875688795
14.614329671354785,6.201996246993711
25.67460718371255,12.94628582172352
19.885448951668497,9.512755399252116
19.650486927335745,9.294470359035492
15.200596839214558,6.563536207183947
24.814124668075586,11.045905423295208
28.748081159892806,14.462120796162665
16.340163342348106,6.843452981364873
18.566681379985173,8.056969239202667
14.459473494870199,6.124104403130087
22.007011466255644,9.205811168461283
26.949758138315847,10.9467990709745
23.628613312544722,11.373436371033977
13.116984582762656,5.225890278232867
28.65905793738854,15.38583106630411
13.403856127858546,5.314965693617522
20.056909715759417,9.608583455226139
27.98294215191824,13.322164162818583
25.585771016603303,12.30160022504351
26.167614507543874,11.099876775299228
11.318122151199011,3.99526007785539
20.582864429299487,8.96170572762794
33.9511213206403,17.61269333258753
16.42421033155356,7.143796784660601
31.711034177339833,16.029262204854813
15.732552216790566,6.709790882155561
28.9192998948058,13.96085767489496
16.569400095380477,6.790162895236074
13.957231656439214,5.758194590682393
21.011840440243304,9.6186860720262
21.931381213833944,10.28461469349729
34.31398816517203,16.895174614433117
12.710347004669885,4.578237012690162
25.703928445160297,13.054697540905686
20.788506697074297,9.705980826064499
29.603792820549238,15.168850350913818
15.076202287560278,6.53387918002432
26.1482918607597,12.985843914173268
34.460903541713826,16.73161051086851
24.531241250324545,12.068204131851669
13.328475501490626,4.793228526422228
16.201143546283244,6.995880437846708
26.87304629210762,13.630852790574963
15.513304798315076,6.779147478769593
17.873090262424014,7.850541010205945
17.25223066301138,6.695929444592268
21.9830125049452,10.532785122844995
22.228405810405405,9.025174825072947
13.885869460242994,5.779511495592391
17.970056870970332,8.13579522043041
19.511021654806022,8.88781438159924
12.949934105067076,4.798106482643368
13.740360922818873,5.59964919287596
22.130197892757387,10.14933535042753
13.054230890454672,5.08106186615192
14.145232450228711,5.845710739924046
24.266467140431185,9.883054556283337
13.1593906785199,5.277896594177176
17.044509009387134,7.427155621893257
20.851636433445616,9.67479539020935
21.624379993166354,10.522230930669194
23.140535227164065,11.545963628246483
16.468445506921533,7.28829224497002
26.465318995152295,11.867210970863459
21.54766626432736,10.022449726943064
21.068597478086904,9.220589264715818
18.02161453024915,8.30791820138916
15.22816813283973,6.125118227151543
26.265428266002644,12.035314159244503
16.500885215735963,7.285317984755768
17.149247726728863,7.371947182819447
19.60512428342869,8.941620632772848
20.12343590850263,9.615763761245288
12.88062181446417,5.126092246626209
19.92454425438399,9.350381947176986
28.360220552842588,14.927473882474924
28.2357483451758,14.370269041224663
21.12444372109049,8.377826115834635
19.77516708865462,8.132653764643077
24.919000486709468,10.497577412425654
28.45122751316596,13.291127422314355
33.22005627846012,17.08248740646112
23.943753318462637,12.336503131058667
16.147258076701522,6.879953706369557
12.338189374709714,4.688793467285909
28.850800150489626,13.460235273013286
13.06385530487827,4.849302225913788
32.11911618677304,16.722980181055735
23.410294199801022,9.961155843223985
22.99768159834882,9.992122382085734
20.59893575227498,9.855623660078658
14.016030279083763,5.611202493968346
13.500368451689251,5.096347390945947
19.13304586059751,8.061093873354034
25.869128685312663,12.5718895270168
20.472678638022387,9.013038560251399
21.604813073674862,9.859524526007512
29.950476226135393,14.777971073946878
13.096330534454621,5.173567999910582
25.96574257379092,12.849139477323938
20.45454577006356,8.39465883863592
17.9641594276549,7.542655414497885
18.50887393432087,8.426932243720227
13.870110146313845,5.4033396752308
21.429434561185147,10.2588777272723
22.900694424737612,10.819588663799058
18.50608529607327,7.924522297369106
17.078252032143972,7.251773811314592
15.361012881445555,6.248616662996723
14.5208719476548,5.456495195988856
18.174458040561667,7.9662523900404185
18.746525272792223,7.074532965626489
24.361074415765415,10.064098466583951
24.135715826026455,9.415834821860482
23.04065606730596,11.25574952653328
20.828834738591414,9.9505788094347
14.779565049339421,5.915575684772557
14.797752867162094,6.243776607917407
16.45393404556948,7.195996686583773
21.315304138255932,9.65974624180285
15.500845746151711,6.154552291277154
14.905878219973912,6.139203956186387
21.443317016124624,9.793945470144578
23.780993398759914,11.707834550235022
15.24878734686428,6.220183368543822
20.56694386498676,8.830269397874968
18.001542221209178,8.374298798925565
14.584908630266677,5.900766180793255
17.390144564075108,7.422306863521906
23.732986824521998,11.65088405121796
30.434596382983983,14.785958841891341
11.343468870083864,4.024604508116558
12.43027183835174,4.769666749421338
27.010087306940502,13.930675882116068
14.894819234888722,6.322349138473572
24.62648447488524,12.575826676777243
19.794958018109583,9.545716073971326
12.311749178063703,4.605550607663887
20.966900149848854,10.313410661571575
25.707003937906094,10.64662899195216
13.522655969460253,5.538413009161581
24.47282288396938,10.246635144649323
12.140289550128022,4.544530864483234
18.89528216248111,8.641802990854256
18.40664965087566,7.8979271108793405
25.242407712852774,10.821553450638673
27.929566750856758,13.5479915907449
33.14579077996192,16.267069110087153
27.170841140753033,13.529149333538026
18.444100007934942,8.00618785418976
25.762150871774985,11.586129865060318
13.764163645105056,5.523132284365748
14.85568004156417,6.223956516781337
26.4358647957869,9.683546493841192
13.02080994172462,4.9563807545303895
13.985145576550106,5.883578270509812
14.85798732290815,5.952101520940278
15.658761874916575,6.772051631657006
17.634068622899814,7.989873810498836
24.134456502991785,11.825612040493583
15.987267783080986,6.780098835545448
18.859859152545734,8.588130671231081
30.28293658144465,15.210457850531771
18.635548366802702,7.457980545459709
27.726249066242637,13.63049039525161
17.870934662700144,7.2095530114228215
21.662922343879572,9.86148968457266
27.525864681003938,13.678678412823327
29.586840184794788,14.411043809196292
23.9696918501605,9.446168242620566
20.553824668481617,10.07453884095959
17.092579414393438,7.571385598841128
14.17308178386272,5.78863709161851
27.590881113629194,14.158392655556508
19.49001202356753,6.887642136005294
15.700737717201669,6.6615004221144885
20.407682085483575,9.554142754215864
20.83154232809337,9.624413237054291
11.451662547078412,4.067448077899154
13.933229278131616,5.63957910924576
29.495169451869153,15.191238875865862
13.402391351356403,5.30460127232115
27.057247207939792,12.408439645767025
12.506438465900366,4.820938768585218
16.975707873537335,6.920097477833755
28.87635922619274,15.114867336783286
23.830799908703028,11.203075919458819
14.11990478239095,5.925190834829242
20.850063298656544,10.015548067448478
13.720385176404516,5.414151367609281
21.551378218376904,10.582578373579981
13.309306776353408,5.1572206953411674
16.318302101948923,7.08276592820094
13.66491951665985,5.476730992901829
28.913601489385563,13.814391112466494
26.706805788071605,13.200476701029393
34.90844291969957,18.009128972316514
30.20386738419251,14.847989483246982
23.567805194495794,11.912530709802862
20.986088890542934,9.841206366558847
14.359191602495486,5.878895352959254
23.261955244657997,11.109421123032444
27.141144586608085,14.156931504111038
25.00001287859149,11.652339422129002
30.339059284777314,13.924891115377712
18.365816839381125,8.59141052534805
19.438977838421273,7.8837452455809025
12.19969415028217,4.518098190514877
20.770755688880207,9.72435592964637
24.101760600349188,10.632304781811767
15.127928320832371,6.27999776194044
23.819302997555564,11.312789935777795
24.020399215249967,10.965889788325288
18.66520269373531,8.63701467873097
20.744832242766524,8.363834696936124
34.26746955713864,18.59633551696291
20.839542428606357,8.773121357885932
22.55422661633437,10.177769690748077
14.532307031016849,6.083573980162705
11.904439682680545,4.225354627352369
18.879024401776917,8.29227389040508
19.58851820165976,9.161617255271832
17.402445728123592,7.903187236150225
24.96500729053883,11.763422948374108
35.00535643305817,18.078151427782455
20.26043610856523,9.465290278554626
24.094183994036598,11.975699885527822
15.883028522294964,6.745398124970594
12.272725216345632,4.649224109201183
15.643714876966632,6.730450109653024
16.534373028225318,6.970646472189607
22.38358830374139,11.17617657492243
16.768144185735327,7.1786738801521315
33.94766919972804,18.80823796859208
25.417487059254903,12.676694821192218
28.912217449358632,15.061742664629799
13.415337753828826,5.237130462051583
15.799590533017945,6.854065311431722
14.352656640203964,5.855186187425972
11.582634680935694,4.279188384319169
17.89657713074073,8.266353425416897
16.805593601116335,7.425772816034967
12.950675601384775,4.945882792143123
12.635226804469415,4.956886533132589
23.5962792301298,8.722495939651287
21.742784183147403,10.706554251660044
28.898381453938708,13.889551344490883
30.20437694992573,15.052737638227715
15.891433920557152,6.8631275315088365
22.545257341651663,9.232474761552478
23.91612914019528,10.920903094387675
15.407904748299007,5.95043521454849
25.662978509255552,12.220803054151355
18.376127054208013,6.918392321877983
12.923871292606943,4.908258758022006
20.424231245281415,9.610901517245898
25.23888395572387,10.674108596540043
19.67912385629878,7.986727171957279
11.758184855446661,4.343269566228951
27.159339338813112,13.725341735559539
13.577250761096684,5.646381854431836
21.673190765374873,9.504339368805475
15.960500043327194,6.995968827807535
12.312366449361415,4.68126971558005
15.402648481821977,6.523317267160246
13.309768936526021,5.213295186664492
28.986341230034498,14.340571998749875
15.888423784234355,6.769469941671286
13.747643026043727,5.298158152576071
19.966506549103475,9.755585978554192
13.672495319119179,5.2899726863381185
25.618470640419588,11.321377268414738
25.10965950039892,13.209764520618453
18.90184271496727,8.581933494398571
15.402165842337409,6.607417911576637
18.119649584685618,7.154028503432861
15.27850258501418,6.632360051411196
14.059584031556323,5.822899477423705
14.902497317819623,6.044014057169458
26.75542085758093,11.989499633324513
15.056555765443083,6.124999895584471
22.694438392360738,10.782321452735417
20.421281544833764,9.942809063187168
14.639900995458598,6.094868122581691
17.077089677512927,6.9417628684302315
18.21631733250866,7.822000693463193
18.897521841801115,8.506740619682587
13.47947376726776,5.53158433626158
13.517578680534019,5.502197862319534
12.053007675709342,4.490477858563196
23.23630335377403,11.383526930835444
21.73489905660002,10.389645484492744
23.775063120312474,11.662511344263706
24.15852639105409,10.734241707065559
12.499343630186385,4.7724554054279595
26.422999590477115,12.024196151194209
11.785494812799506,4.385986830580033
14.815787561647026,6.129757921235031
26.687277326018638,12.735712203014241
21.183151567167393,10.083379654527526
32.840400266605464,17.28643929602657
18.316878025578514,8.15882729335478
25.440415889003145,12.632596733148064
15.569157890459987,6.550982541512231
16.841462354286826,7.5672705921211
18.649099223314465,8.138443342046225
27.34133072514194,11.74125098782798
16.824637613940396,7.481445636082392
24.162831617510914,10.325064173339257
24.153947112548195,7.944960229688634
24.350931081451435,11.244952627577412
20.242705432572198,8.90748054603176
29.138155603548007,14.47492917277061
18.78338790648777,7.53085009082152
14.80376541614152,6.34364412791187
25.687102819403464,12.607310456007053
15.207276199032574,6.495338605717881
19.646939359325998,8.494968762138503
11.706067299935373,3.992606611243651
13.44012973603958,5.298784866502444
30.428003119192685,15.282967201505535
25.561272297356325,12.892974161658215
22.040583304205786,10.395537473956654
30.182396302893586,15.976135823291457
19.088858978903037,8.8569618683256
27.579473883471273,14.295649617954247
14.590969629675312,5.673718967333269
15.488809280932706,6.442649497825977
16.775290036726844,7.439723422843694
25.54684885408671,13.437647495434048
28.539124462048733,14.489151108798689
26.718932821043627,13.925188709177649
22.653038768483096,7.7027858770948505
16.313029001726317,7.217912332603512
21.558793071532754,10.759866368013212
19.357020470361945,8.840423881276202
14.17895076097344,5.919370690496352
21.28820183322455,10.214774503184998
26.22551058312905,13.109586504423907
27.875959571654374,11.828694834300048
21.44050031078707,9.924230246782765
18.754729393954428,8.909035478531354
12.63619088531082,4.818975675453112
27.535787638910186,12.749011566646981
27.829673320106913,12.900291047402765
26.404168574881155,13.184557685982824
30.58495607432137,15.21498077883567
11.935654350653762,4.34885388780201
17.4119817771275,7.522272285322999
27.383722593739108,12.964444530551331
12.90181048673599,5.0982463955852815
14.972828787922127,6.44491517024243
12.26942485279447,4.599487006870606
26.510077414081955,13.65770077083196
32.846331335504274,16.994374504468848
25.137657836129183,12.78807784248803
22.450621145582538,10.009305440070728
23.3523630946971,10.656349460722316
14.969152942226234,6.23700501181582
17.26795858074785,7.905800205301222
17.261696066528046,7.71053838260982
26.23676245834691,12.5442845863301
13.478842479630085,5.507315169759194
28.228856377026936,12.830264663566547
29.4435726180876,15.0518037801764
14.147296010142844,5.769270000229537
15.039200323662437,6.111800792619137
14.653843665513019,6.300418994617662
15.241051360861615,6.5491468006520535
13.487676658067425,5.412267698125003
27.421398402676253,14.574929948834985
28.504287819337378,14.675446099998736
17.141521449115018,7.766775436562878
19.03522922253202,8.910664921779484
34.44454151043992,18.820063950556065
15.328197581004464,6.581693469525035
18.006574540782943,7.8337438552094
25.38975739315637,11.678237627218293
29.671060909035237,12.128036634930279
15.201522235636684,6.445343793278769
35.53600738703279,19.542260274062237
15.875874178690573,6.924559791345177
20.705852065764176,9.918095046942973
12.837814960582097,4.775295315342146
29.401634089650507,15.398155700731474
18.037281369184356,7.057551741263284
20.188867999340687,9.283465453201407
28.312597023769662,14.872688654388101
26.556567969896477,13.748900938794506
21.099777920862817,10.246436763019515
16.059519838160597,6.35922992059534
15.113042914319983,5.793079363234188
20.17991142688187,9.037342824805041
18.393962164774926,7.701719805517465
16.824873832623418,7.016327445343296
14.590707507532713,6.061274842339554
18.41458469048445,8.19193507594751
20.753713560274434,9.577944285257749
13.518825072810788,5.273900559439757
29.25982213004584,13.799784990528332
17.747825948351707,6.75730229003979
15.123193626329801,6.4504164418339585
29.486176923144825,13.222086736805391
29.80293124046015,13.881362372594808
28.09483088180422,12.857317633467694
17.76508902917608,7.371929869947697
25.5731163006866,11.191628440606515
29.71501083786493,15.525615379899916
29.925737740861585,13.891532414610046
28.228105170206607,12.660960610860577
24.821263612383284,12.269898082005332
13.579593993857442,5.437097494500421
12.973305403160076,4.922864574998264
18.863843355956128,8.005907755918303
22.983594645204725,11.237746546605038
24.66499351306636,12.804879427446261
17.369024668232576,7.702252668821677
16.36396254765201,7.166487977411412
24.221461422684257,10.423183400591277
22.23479064387811,9.718321278422751
26.814060327254015,11.912263490219727
17.16238012705399,7.189785296393976
14.067535941494146,5.511945920500105
25.748578036889267,12.971251830367214
25.73879111039459,12.36083791702316
14.557294523895187,5.927885448901306
14.932931843319952,6.411828292527743
12.033901783793194,4.5116578969763985
23.865695743646267,11.816916691600287
14.390910760550128,6.137913012113093
19.890620631774787,9.173371844525724
12.959017779014676,5.136989861585625
24.675801898605314,10.86345556710082
22.55799167410712,8.59950703115837
31.925304528704345,14.96472800909014
18.4696253810521,8.716040508306936
25.977504793719003,10.52873582022229
21.796645754497945,9.790437516499813
15.402835104631196,6.524856619574458
27.8681118445684,14.41804395041669
16.29738931800761,7.033989190744701
17.642506627840653,7.976447193133689
27.936831501515012,12.718883225241203
22.20757829248444,10.350583705223688
21.647614884744016,10.395862129952903
34.2339016073729,18.45480939541465
13.26747455830611,5.093267659442104
15.320069244532686,6.402239708506291
17.23454667450536,7.105134216369849
26.900000377581662,12.041249504921701
19.309431859396017,8.642187064786674
24.343329497369318,10.061572261804091
22.4613455545444,10.165905868298015
19.241814162734386,9.06569295089679
18.620385096735717,8.635480831690957
19.55493594543379,8.504052805358961
29.167153252078208,13.73639733831732
15.444310499052516,6.533298552251105
27.89256927089021,13.719242265292419
18.926843482312062,8.409664922592095
31.210875973714813,16.598295935985103
34.53549934377464,19.02418993518585
15.2531408497594,6.103573568350031
14.5827569568184,5.836723875043591
31.490027275006806,16.380670413553332
15.54449211918507,6.3274607871313355
19.14853740497064,8.858901538031239
15.603269123505452,6.950029873710997
21.901105276291858,10.719321976132575
31.716089410678475,17.006319566905344
16.37484785843954,7.152733833591362
16.10094074418221,6.939385833215143
18.611122170367807,8.803778351123572
21.681709201126274,9.928630848803452
18.56212961472251,8.760715210256299
19.181395017844117,6.9571447701938585
26.97071898342675,13.65633721460393
17.21384754131492,7.86485716102964
31.893735959540926,15.966798448686445
25.95618522588064,12.458072291267941
28.427663865233477,13.998316736048752
24.040974449784898,11.712299602116104
19.02661566502294,8.088014037796869
25.592693837799935,11.043114824806068
14.494463454291255,5.926858853845861
13.189293492931764,5.292520539319031
23.81397487702143,11.038713420087959
30.071508529693936,15.866208497050367
16.954399787415994,7.249918534757599
19.835799900594125,9.07856740568346
12.444679534462681,4.628671145172456
24.162920099081198,11.044688949698275
18.04480086429742,6.797949504784976
22.677987028794316,10.450678569542095
26.37586937858598,10.275448856013874
16.85255765205467,7.15329272997179
15.379258240070982,6.553175734832136
24.013732477214116,11.798542968167636
26.213042029750248,13.179008643520017
27.688159762392083,11.948273739214493
18.14384136303928,7.903853543649897
12.917000967905041,4.981496215837279
16.36755696326996,6.749971981588789
15.042349489401003,6.54658206325481
25.605241936051208,12.13090376026732
13.187125839803182,5.179021575781314
13.55691571595709,5.107838546983778
25.20289703183295,11.59477551044333
25.654740357450176,12.479783011981963
11.354813464763508,4.169179913207389
16.968488073488423,7.714513643404997
23.389377672142366,11.150083603606182
24.91908434400641,11.994880319349477
16.123923519871347,6.903626514061436
21.625498239767275,10.018787252122339
13.700026335501448,5.5893080896913565
25.28635434435034,12.342300422117173
18.89839691751586,8.518935064836436
12.700174073351338,4.965282755786727
19.447940876647955,8.019080394047021
18.174054543832924,7.163154784877053
18.07726485102509,6.938280272966425
25.80350332436731,9.725514106309273
24.897717725060375,10.969131100707346
22.7487007985239,8.92938825153004
12.930729326951187,4.999728803582475
20.421031365781634,8.78049376070999
24.220237533388165,11.812745024333514
22.400432626221566,10.551446553899945
18.108362113734685,8.313261421780979
27.167619905642727,11.294918093155943
22.285277607256504,9.966732552373248
13.37504450778088,5.4587180631660575
22.586809297253595,10.01421473521002
15.559812376825052,6.861523156505223
17.791560166358494,7.454688933673572
23.11361591973405,11.17909254784554
14.515217190010581,5.830099315288082
27.920759865934592,14.061155174179692
26.96452798170282,14.423689589845505
13.371210084247107,5.447757184091828
18.77786975846864,8.452292931932668
19.59173125997249,8.483224872139745
27.90418279668727,14.381772741435155
24.031568974373062,11.162584216225765
19.140380076165055,9.071014880163448
28.035346591206697,14.201890920030491
25.03103960255864,11.686320148009477
17.21145704939181,7.46004460031864
28.458162813428487,14.179019302667784
11.253904601410763,3.848563366741158
15.82319148752578,6.679532898055767
20.294761089512946,9.506184565590457
12.789472045371589,5.0145934871234
14.27917851114171,5.748379696585768
24.292412213551138,11.161661574806827
13.54030020051247,5.490279627909162
15.755718503352412,6.820226550457329
23.000272946442323,11.272474437579513
25.29640352812489,11.951760031515278
15.523029835754656,6.588918668203706
24.977891201762162,11.10543505087126
12.634860838436275,4.808751189882695
22.403342140901845,9.604298729997105
24.350343055648985,11.457238719821364
23.699696954240515,9.96634398101712
14.828359938956892,5.871714718285023
15.181559761268945,6.554542780465473
22.700184235203395,8.42449128477885
29.43158729416836,15.042854461131412
18.007575219181593,8.09332274452091
25.131293596502267,12.351977928023018
19.92082353938762,7.985299595083597
18.948052695780362,8.112617801306456
19.750461972073936,9.358717420756019
21.036450624049497,10.376371337347287
17.752167818983644,7.709899487623511
18.373440670297267,7.9281112039175925
17.69808793606078,8.033649829019152
18.748026133155918,8.75066016532588
20.767580505382604,9.02254561296771
22.449753329448452,10.88943378860072
19.534501332614536,7.638746128618116
14.802483701311939,6.3034029526200674
29.318416685445623,14.651254654208023
12.69441808337867,4.922961600395952
22.81217041682425,11.12319764083477
13.872932670122491,5.6924028814744645
14.487944236324312,5.955331292458081
12.694179662085805,5.018527501982478
17.729062040419272,7.408213407803285
24.43324181167231,11.799308060627162
19.686087186558545,8.994365000476224
11.184061629493915,3.914424151671332
18.860377256761556,7.75761819370616
14.418916324116978,5.9866695766028375
14.235321775106623,5.705966193033842
22.221575251835485,10.685809852410642
20.558582638494975,8.768101771257896
25.86224749038839,13.491547286358829
31.69540607568444,14.42084937803392
27.013088533408194,12.082905849438172
34.12890961577091,18.109089635153445
17.81305619421404,8.007191712749488
28.87033990281816,13.729405855507016
16.929625531397583,7.574503819940782
17.808500179530746,7.562669510333488
14.390333608518805,5.717753329078096
15.3039483111911,6.518233084081633
24.0471739842947,11.621792137767374
26.921960215147426,11.994631261783763
13.205123749871326,5.163287750513097
23.43779076932683,9.598206722605951
29.920071549235,13.760687912850996
18.167943556318463,8.394516702608001
30.448043184175887,15.535373684450299
16.8938071626158,7.518649313130595
14.541124240510868,5.978285972632973
26.928809053615538,12.707355045089836
24.160362577465136,12.17777853199085
17.76715081405518,7.513507253095509
29.931177146295845,15.1911398739218
17.25923328938734,7.747689819208283
13.376331743586244,5.480050879432062
25.534969417220683,11.898623666191924
13.888338916442134,5.803499985712007
15.40407989508999,6.3420690540991
15.710684602660333,6.5306679524944276
12.69360627496918,5.0365452248930005
25.898333274646,12.4619557937718
25.43915641541935,12.486606046589591
22.32886690688987,8.291761076556842
23.29061357138928,9.163041993296899
21.236971233290383,9.806441552653697
17.26619283789538,7.881369809656509
22.235304642833945,10.093305429546037
28.10084021128494,14.969444699458233
19.934690977079946,9.064892677688391
17.043621933123998,7.716133009718928
23.810822799890445,9.525279290573009
25.906711860272072,12.710104441134625
33.42158071496196,17.292661602091897
11.89685842994177,4.338273709999928
21.348178422738002,9.981877606774724
21.991814543252076,10.626143868666302
12.899585270013928,4.850348274476065
30.132775705074003,14.55815280924628
12.790395603552156,5.076486344488013
17.7082122795979,7.607905947106311
24.340980097725478,12.051766545359365
17.984102335194393,7.531572566843247
24.241543178567348,10.373574843684356
12.603065896265347,4.834350854253051
13.641749918306708,5.5736786092939905
12.665222019198984,4.876506011827918
27.313577918091056,12.983991576889846
12.20411552306866,4.476826362796354
13.309050901389723,5.315407088725553
12.24940677767631,4.4312757853662506
13.11693768583584,5.185629201677481
19.782366469386147,8.277926070888528
25.72930798043488,10.551840610733679
26.464277381239853,10.837039215797107
12.999446878784347,4.88275690940035
15.357680231947242,5.895416001717224
12.154854601148049,4.519761186832825
26.13063989142214,11.933925153933421
17.953361376091088,7.703081592903235
21.841729494315008,10.137782260567493
12.897719729428417,4.889833606658294
21.302840792693324,8.994055486350215
13.666684376067781,5.422503012679827
33.59310929475112,16.80194856797024
18.449258920167512,8.487173516352966
14.22455544013907,6.012721278119801
13.321373752554038,5.218875376595619
13.125316519024086,5.265345057663822
24.826144152180163,12.38609420879741
21.223276671767685,10.201358761246327
28.089699921765117,13.72411713212744
15.241388847952436,5.985235815652329
28.508131734391323,13.707897856603134
19.941901369030766,9.130573420623463
15.293347107731382,6.077710510330206
21.689847370575052,10.324038200371179
22.113174776225577,10.670467344966086
16.425430755481962,6.9764496733331445
